Time,Drv_DeltaSteer,Veh_Vx
0,0,19.44444444
0.005,0,19.44428528
0.01,0,19.44379573
0.015,0,19.44300504
0.02,0,19.44198962
0.025,0,19.44081398
0.03,0,19.43948017
0.035,0,19.43793704
0.04,0,19.4361107
0.045,0,19.4339311
0.05,0,19.43134854
0.055,0,19.42833947
0.06,0,19.42490535
0.065,0,19.42106795
0.07,0,19.41686363
0.075,0,19.4123379
0.08,0,19.40754113
0.085,0,19.40252542
0.09,0,19.39734244
0.095,0,19.39204186
0.1,0,19.38667028
0.105,0,19.38127029
0.11,0,19.37588028
0.115,0,19.37053438
0.12,0,19.36526168
0.125,0,19.36008516
0.13,0,19.35502133
0.135,0,19.35008015
0.14,0,19.34526554
0.145,0,19.3405761
0.15,0,19.33600594
0.155,0,19.33154567
0.16,0,19.32718332
0.165,0,19.32290514
0.17,0,19.31869644
0.175,0,19.31454224
0.18,0,19.31042785
0.185,0,19.30633937
0.19,0,19.30226406
0.195,0,19.29819063
0.2,0,19.29410943
0.205,0,19.29001257
0.21,0,19.28589396
0.215,0,19.28174925
0.22,0,19.27757574
0.225,0,19.27337224
0.23,0,19.26913889
0.235,0,19.26487696
0.24,0,19.26058862
0.245,0,19.25627677
0.25,0,19.25194476
0.255,0,19.24759626
0.26,0,19.24323502
0.265,0,19.23886477
0.27,0,19.23448904
0.275,0,19.23011108
0.28,0,19.22573375
0.285,0,19.22135952
0.29,0,19.21699038
0.295,0,19.21262786
0.3,0,19.20827304
0.305,0,19.20392656
0.31,0,19.19958866
0.315,0,19.19525905
0.32,0,19.19093674
0.325,0,19.18662059
0.33,0,19.18230953
0.335,0,19.17800266
0.34,0,19.17369949
0.345,0,19.16939964
0.35,0,19.16510259
0.355,0,19.16080762
0.36,0,19.15651394
0.365,0,19.15222074
0.37,0,19.14792728
0.375,0,19.14363294
0.38,0,19.13933721
0.385,0,19.13503975
0.39,0,19.13074035
0.395,0,19.1264389
0.4,0,19.1221354
0.405,0,19.11782994
0.41,0,19.11352267
0.415,0,19.1092138
0.42,0,19.10490356
0.425,0,19.10059221
0.43,0,19.09628002
0.435,0,19.09196725
0.44,0,19.08765416
0.445,0,19.08334097
0.45,0,19.07902791
0.455,0,19.07471516
0.46,0,19.07040287
0.465,0,19.06609116
0.47,0,19.06178013
0.475,0,19.05746984
0.48,0,19.05316034
0.485,0,19.04885163
0.49,0,19.04454371
0.495,0,19.04023657
0.5,0,19.03593016
0.505,0,19.03162445
0.51,0,19.02731939
0.515,0,19.02301493
0.52,0,19.01871103
0.525,0,19.01440762
0.53,0,19.01010468
0.535,0,19.00580216
0.54,0,19.00150004
0.545,0,18.9971983
0.55,0,18.99289691
0.555,0,18.98859588
0.56,0,18.98429521
0.565,0,18.9799949
0.57,0,18.97569497
0.575,0,18.97139544
0.58,0,18.96709633
0.585,0,18.96279766
0.59,0,18.95849947
0.595,0,18.95420178
0.6,0,18.94990462
0.605,0,18.94560802
0.61,0,18.941312
0.615,0,18.93701661
0.62,0,18.93272185
0.625,0,18.92842774
0.63,0,18.92413432
0.635,0,18.9198416
0.64,0,18.91554959
0.645,0,18.91125829
0.65,0,18.90696774
0.655,0,18.90267792
0.66,0,18.89838884
0.665,0,18.89410052
0.67,0,18.88981295
0.675,0,18.88552614
0.68,0,18.88124008
0.685,0,18.87695477
0.69,0,18.87267023
0.695,0,18.86838644
0.7,0,18.86410343
0.705,0,18.85982118
0.71,0,18.85553965
0.715,0,18.85125882
0.72,0,18.8469787
0.725,0,18.84269929
0.73,0,18.8384206
0.735,0,18.83414264
0.74,0,18.82986542
0.745,0,18.82558895
0.75,0,18.82131321
0.755,0,18.81703822
0.76,0,18.81276396
0.765,0,18.80849042
0.77,0,18.80421761
0.775,0,18.79994553
0.78,0,18.79567417
0.785,0,18.79140354
0.79,0,18.78713364
0.795,0,18.78286447
0.8,0,18.77859604
0.805,0,18.77432835
0.81,0,18.77006142
0.815,0,18.76579524
0.82,0,18.76152982
0.825,0,18.75726516
0.83,0,18.75300128
0.835,0,18.74873816
0.84,0,18.74447582
0.845,0,18.74021425
0.85,0,18.73595346
0.855,0,18.73169345
0.86,0,18.7274342
0.865,0,18.72317572
0.87,0,18.71891802
0.875,0,18.71466107
0.88,0,18.71040489
0.885,0,18.70614945
0.89,0,18.70189477
0.895,0,18.69764083
0.9,0,18.69338763
0.905,0,18.68913516
0.91,0,18.68488342
0.915,0,18.6806324
0.92,0,18.6763821
0.925,0,18.67213251
0.93,0,18.66788362
0.935,0,18.66363544
0.94,0,18.65938795
0.945,0,18.65514114
0.95,0,18.65089503
0.955,0,18.6466496
0.96,0,18.64240484
0.965,0,18.63816075
0.97,0,18.63391734
0.975,0,18.62967458
0.98,0,18.62543249
0.985,0,18.62119106
0.99,0,18.61695027
0.995,0,18.61271013
1,0,18.60847064
1.005,0,18.60423179
1.01,0,18.59999357
1.015,0,18.59575599
1.02,0,18.59151904
1.025,0,18.58728275
1.03,0,18.58304714
1.035,0,18.57881223
1.04,0,18.57457797
1.045,0,18.57034433
1.05,0,18.56611128
1.055,0,18.56187881
1.06,0,18.55764692
1.065,0,18.55341562
1.07,0,18.54918489
1.075,0,18.54495475
1.08,0,18.54072519
1.085,0,18.53649621
1.09,0,18.53226779
1.095,0,18.52803993
1.1,0,18.52381262
1.105,0,18.51958587
1.11,0,18.51535965
1.115,0,18.51113399
1.12,0,18.50690886
1.125,0,18.50268428
1.13,0,18.49846024
1.135,0,18.49423674
1.14,0,18.4900138
1.145,0,18.4857914
1.15,0,18.48156956
1.155,0,18.47734828
1.16,0,18.47312756
1.165,0,18.4689074
1.17,0,18.46468781
1.175,0,18.46046879
1.18,0,18.45625035
1.185,0,18.45203248
1.19,0,18.44781519
1.195,0,18.44359847
1.2,0,18.43938233
1.205,0,18.43516678
1.21,0,18.4309518
1.215,0,18.42673741
1.22,0,18.4225236
1.225,0,18.41831037
1.23,0,18.41409772
1.235,0,18.40988566
1.24,0,18.40567417
1.245,0,18.40146327
1.25,0,18.39725295
1.255,0,18.39304321
1.26,0,18.38883406
1.265,0,18.38462548
1.27,0,18.3804175
1.275,0,18.37621009
1.28,0,18.37200327
1.285,0,18.36779704
1.29,0,18.3635914
1.295,0,18.35938634
1.3,0,18.35518187
1.305,0,18.350978
1.31,0,18.34677471
1.315,0,18.34257202
1.32,0,18.33836992
1.325,0,18.33416841
1.33,0,18.3299675
1.335,0,18.32576718
1.34,0,18.32156747
1.345,0,18.31736835
1.35,0,18.31316983
1.355,0,18.30897191
1.36,0,18.30477459
1.365,0,18.30057788
1.37,0,18.29638176
1.375,0,18.29218625
1.38,0,18.28799134
1.385,0,18.28379704
1.39,0,18.27960336
1.395,0,18.27541029
1.4,0,18.27121785
1.405,0,18.26702602
1.41,0,18.26283481
1.415,0,18.2586442
1.42,0,18.2544542
1.425,0,18.25026479
1.43,0,18.24607599
1.435,0,18.24188778
1.44,0,18.23770018
1.445,0,18.23351317
1.45,0,18.22932677
1.455,0,18.22514097
1.46,0,18.22095577
1.465,0,18.21677117
1.47,0,18.21258717
1.475,0,18.20840377
1.48,0,18.20422097
1.485,0,18.20003877
1.49,0,18.19585717
1.495,0,18.19167617
1.5,0,18.18749577
1.505,0,18.18331598
1.51,0,18.17913679
1.515,0,18.1749582
1.52,0,18.17078022
1.525,0,18.16660285
1.53,0,18.16242608
1.535,0,18.15824992
1.54,0,18.15407437
1.545,0,18.14989943
1.55,0,18.1457251
1.555,0,18.14155139
1.56,0,18.13737828
1.565,0,18.13320578
1.57,0,18.12903389
1.575,0,18.12486261
1.58,0,18.12069194
1.585,0,18.11652189
1.59,0,18.11235244
1.595,0,18.1081836
1.6,0,18.10401537
1.605,0,18.09984775
1.61,0,18.09568073
1.615,0,18.09151433
1.62,0,18.08734853
1.625,0,18.08318334
1.63,0,18.07901875
1.635,0,18.07485477
1.64,0,18.0706914
1.645,0,18.06652863
1.65,0,18.06236647
1.655,0,18.05820491
1.66,0,18.05404396
1.665,0,18.04988361
1.67,0,18.04572387
1.675,0,18.04156473
1.68,0,18.0374062
1.685,0,18.03324826
1.69,0,18.02909093
1.695,0,18.02493421
1.7,0,18.02077808
1.705,0,18.01662256
1.71,0,18.01246764
1.715,0,18.00831332
1.72,0,18.0041596
1.725,0,18.00000649
1.73,0,17.99585399
1.735,0,17.9917021
1.74,0,17.98755081
1.745,0,17.98340014
1.75,0,17.97925007
1.755,0,17.97510061
1.76,0,17.97095175
1.765,0,17.9668035
1.77,0,17.96265585
1.775,0,17.95850879
1.78,0,17.95436233
1.785,0,17.95021647
1.79,0,17.94607119
1.795,0,17.9419265
1.8,0,17.9377824
1.805,0,17.93363888
1.81,0,17.92949596
1.815,0,17.92535362
1.82,0,17.92121187
1.825,0,17.91707071
1.83,0,17.91293013
1.835,0,17.90879014
1.84,0,17.90465074
1.845,0,17.90051192
1.85,0,17.89637368
1.855,0,17.89223604
1.86,0,17.88809898
1.865,0,17.88396251
1.87,0,17.87982662
1.875,0,17.87569132
1.88,0,17.87155661
1.885,0,17.86742249
1.89,0,17.86328896
1.895,0,17.85915601
1.9,0,17.85502366
1.905,0,17.85089189
1.91,0,17.84676071
1.915,0,17.84263012
1.92,0,17.83850012
1.925,0,17.83437071
1.93,0,17.83024189
1.935,0,17.82611365
1.94,0,17.82198601
1.945,0,17.81785895
1.95,0,17.81373248
1.955,0,17.8096066
1.96,0,17.80548131
1.965,0,17.8013566
1.97,0,17.79723249
1.975,0,17.79310895
1.98,0,17.78898601
1.985,0,17.78486366
1.99,0,17.78074189
1.995,0,17.7766207
2,0,17.77250011
2.005,0,17.7683801
2.01,0,17.76426067
2.015,0,17.76014182
2.02,0,17.75602356
2.025,0,17.75190589
2.03,0,17.74778879
2.035,0,17.74367228
2.04,0,17.73955636
2.045,0,17.73544102
2.05,0,17.73132626
2.055,0,17.72721209
2.06,0,17.72309851
2.065,0,17.71898551
2.07,0,17.71487309
2.075,0,17.71076126
2.08,0,17.70665001
2.085,0,17.70253936
2.09,0,17.69842928
2.095,0,17.6943198
2.1,0,17.6902109
2.105,0,17.68610259
2.11,0,17.68199487
2.115,0,17.67788774
2.12,0,17.67378119
2.125,0,17.66967524
2.13,0,17.66556987
2.135,0,17.66146509
2.14,0,17.65736089
2.145,0,17.65325729
2.15,0,17.64915427
2.155,0,17.64505184
2.16,0,17.64094999
2.165,0,17.63684873
2.17,0,17.63274806
2.175,0,17.62864797
2.18,0,17.62454847
2.185,0,17.62044955
2.19,0,17.61635122
2.195,0,17.61225347
2.2,0,17.6081563
2.205,0,17.60405973
2.21,0,17.59996373
2.215,0,17.59586832
2.22,0,17.59177349
2.225,0,17.58767925
2.23,0,17.58358559
2.235,0,17.57949252
2.24,0,17.57540002
2.245,0,17.57130812
2.25,0,17.56721679
2.255,0,17.56312605
2.26,0,17.55903589
2.265,0,17.55494631
2.27,0,17.55085732
2.275,0,17.5467689
2.28,0,17.54268108
2.285,0,17.53859383
2.29,0,17.53450716
2.295,0,17.53042108
2.3,0,17.52633558
2.305,0,17.52225066
2.31,0,17.51816633
2.315,0,17.51408257
2.32,0,17.5099994
2.325,0,17.5059168
2.33,0,17.50183479
2.335,0,17.49775336
2.34,0,17.49367251
2.345,0,17.48959224
2.35,0,17.48551255
2.355,0,17.48143344
2.36,0,17.47735491
2.365,0,17.47327696
2.37,0,17.46919959
2.375,0,17.4651228
2.38,0,17.46104658
2.385,0,17.45697095
2.39,0,17.4528959
2.395,0,17.44882142
2.4,0,17.44474752
2.405,0,17.44067421
2.41,0,17.43660147
2.415,0,17.43252931
2.42,0,17.42845772
2.425,0,17.42438672
2.43,0,17.42031629
2.435,0,17.41624644
2.44,0,17.41217717
2.445,0,17.40810848
2.45,0,17.40404036
2.455,0,17.39997282
2.46,0,17.39590587
2.465,0,17.39183948
2.47,0,17.38777368
2.475,0,17.38370845
2.48,0,17.3796438
2.485,0,17.37557973
2.49,0,17.37151624
2.495,0,17.36745332
2.5,0,17.36339097
2.505,0,17.3593292
2.51,0,17.35526801
2.515,0,17.35120739
2.52,0,17.34714735
2.525,0,17.34308788
2.53,0,17.33902899
2.535,0,17.33497067
2.54,0,17.33091292
2.545,0,17.32685575
2.55,0,17.32279915
2.555,0,17.31874313
2.56,0,17.31468768
2.565,0,17.3106328
2.57,0,17.3065785
2.575,0,17.30252477
2.58,0,17.29847161
2.585,0,17.29441903
2.59,0,17.29036702
2.595,0,17.28631558
2.6,0,17.28226472
2.605,0,17.27821442
2.61,0,17.2741647
2.615,0,17.27011556
2.62,0,17.26606698
2.625,0,17.26201898
2.63,0,17.25797155
2.635,0,17.25392469
2.64,0,17.2498784
2.645,0,17.24583269
2.65,0,17.24178755
2.655,0,17.237743
2.66,0,17.23369903
2.665,0,17.22965566
2.67,0,17.22561291
2.675,0,17.22157077
2.68,0,17.21752926
2.685,0,17.2134884
2.69,0,17.20944819
2.695,0,17.20540863
2.7,0,17.20136974
2.705,0,17.19733151
2.71,0,17.19329396
2.715,0,17.18925708
2.72,0,17.18522087
2.725,0,17.18118534
2.73,0,17.17715048
2.735,0,17.17311629
2.74,0,17.16908277
2.745,0,17.16504991
2.75,0,17.16101772
2.755,0,17.15698619
2.76,0,17.15295531
2.765,0,17.14892509
2.77,0,17.14489551
2.775,0,17.14086659
2.78,0,17.13683831
2.785,0,17.13281067
2.79,0,17.12878368
2.795,0,17.12475733
2.8,0,17.12073162
2.805,0,17.11670655
2.81,0,17.11268212
2.815,0,17.10865833
2.82,0,17.10463518
2.825,0,17.10061267
2.83,0,17.09659081
2.835,0,17.09256958
2.84,0,17.088549
2.845,0,17.08452906
2.85,0,17.08050977
2.855,0,17.07649113
2.86,0,17.07247312
2.865,0,17.06845577
2.87,0,17.06443906
2.875,0,17.06042299
2.88,0,17.05640758
2.885,0,17.05239281
2.89,0,17.04837868
2.895,0,17.0443652
2.9,0,17.04035237
2.905,0,17.03634018
2.91,0,17.03232864
2.915,0,17.02831774
2.92,0,17.02430749
2.925,0,17.02029788
2.93,0,17.01628892
2.935,0,17.01228059
2.94,0,17.00827291
2.945,0,17.00426588
2.95,0,17.00025948
2.955,0,16.99625373
2.96,0,16.99224862
2.965,0,16.98824415
2.97,0,16.98424032
2.975,0,16.98023713
2.98,0,16.97623458
2.985,0,16.97223268
2.99,0,16.96823141
2.995,0,16.96423079
3,0,16.9602308
3.005,0,16.95623146
3.01,0,16.95223275
3.015,0,16.94823469
3.02,0,16.94423726
3.025,0,16.94024048
3.03,0,16.93624433
3.035,0,16.93224883
3.04,0,16.92825396
3.045,0,16.92425974
3.05,0,16.92026615
3.055,0,16.9162732
3.06,0,16.91228089
3.065,0,16.90828922
3.07,0,16.90429819
3.075,0,16.9003078
3.08,0,16.89631804
3.085,0,16.89232892
3.09,0,16.88834044
3.095,0,16.8843526
3.1,0,16.8803654
3.105,0,16.87637883
3.11,0,16.8723929
3.115,0,16.8684076
3.12,0,16.86442295
3.125,0,16.86043893
3.13,0,16.85645554
3.135,0,16.8524728
3.14,0,16.84849069
3.145,0,16.84450921
3.15,0,16.84052837
3.155,0,16.83654817
3.16,0,16.8325686
3.165,0,16.82858967
3.17,0,16.82461137
3.175,0,16.82063371
3.18,0,16.81665668
3.185,0,16.81268029
3.19,0,16.80870453
3.195,0,16.80472941
3.2,0,16.80075492
3.205,0,16.79678106
3.21,0,16.79280784
3.215,0,16.78883526
3.22,0,16.7848633
3.225,0,16.78089198
3.23,0,16.7769213
3.235,0,16.77295125
3.24,0,16.76898183
3.245,0,16.76501304
3.25,0,16.76104489
3.255,0,16.75707737
3.26,0,16.75311048
3.265,0,16.74914423
3.27,0,16.7451786
3.275,0,16.74121361
3.28,0,16.73724926
3.285,0,16.73328553
3.29,0,16.72932243
3.295,0,16.72535997
3.3,0,16.72139814
3.305,0,16.71743694
3.31,0,16.71347637
3.315,0,16.70951644
3.32,0,16.70555713
3.325,0,16.70159845
3.33,0,16.69764041
3.335,0,16.69368299
3.34,0,16.68972621
3.345,0,16.68577006
3.35,0,16.68181453
3.355,0,16.67785964
3.36,0,16.67390538
3.365,0,16.66995174
3.37,0,16.66599874
3.375,0,16.66204637
3.38,0,16.65809462
3.385,0,16.65414351
3.39,0,16.65019302
3.395,0,16.64624316
3.4,0,16.64229393
3.405,0,16.63834534
3.41,0,16.63439736
3.415,0,16.63045002
3.42,0,16.62650331
3.425,0,16.62255722
3.43,0,16.61861176
3.435,0,16.61466693
3.44,0,16.61072273
3.445,0,16.60677915
3.45,0,16.60283621
3.455,0,16.59889389
3.46,0,16.59495219
3.465,0,16.59101113
3.47,0,16.58707069
3.475,0,16.58313088
3.48,0,16.57919169
3.485,0,16.57525313
3.49,0,16.5713152
3.495,0,16.5673779
3.5,0,16.56344122
3.505,0,16.55950516
3.51,0,16.55556973
3.515,0,16.55163493
3.52,0,16.54770075
3.525,0,16.5437672
3.53,0,16.53983428
3.535,0,16.53590198
3.54,0,16.5319703
3.545,0,16.52803925
3.55,0,16.52410882
3.555,0,16.52017902
3.56,0,16.51624984
3.565,0,16.51232129
3.57,0,16.50839336
3.575,0,16.50446606
3.58,0,16.50053938
3.585,0,16.49661332
3.59,0,16.49268789
3.595,0,16.48876308
3.6,0,16.48483889
3.605,0,16.48091533
3.61,0,16.47699239
3.615,0,16.47307007
3.62,0,16.46914838
3.625,0,16.46522731
3.63,0,16.46130686
3.635,0,16.45738703
3.64,0,16.45346783
3.645,0,16.44954924
3.65,0,16.44563128
3.655,0,16.44171395
3.66,0,16.43779723
3.665,0,16.43388113
3.67,0,16.42996566
3.675,0,16.42605081
3.68,0,16.42213658
3.685,0,16.41822297
3.69,0,16.41430998
3.695,0,16.41039761
3.7,0,16.40648586
3.705,0,16.40257473
3.71,0,16.39866422
3.715,0,16.39475434
3.72,0,16.39084507
3.725,0,16.38693642
3.73,0,16.3830284
3.735,0,16.37912099
3.74,0,16.3752142
3.745,0,16.37130803
3.75,0,16.36740248
3.755,0,16.36349755
3.76,0,16.35959324
3.765,0,16.35568954
3.77,0,16.35178647
3.775,0,16.34788401
3.78,0,16.34398218
3.785,0,16.34008096
3.79,0,16.33618035
3.795,0,16.33228037
3.8,0,16.32838101
3.805,0,16.32448226
3.81,0,16.32058413
3.815,0,16.31668661
3.82,0,16.31278972
3.825,0,16.30889344
3.83,0,16.30499778
3.835,0,16.30110273
3.84,0,16.2972083
3.845,0,16.29331449
3.85,0,16.2894213
3.855,0,16.28552872
3.86,0,16.28163676
3.865,0,16.27774541
3.87,0,16.27385468
3.875,0,16.26996456
3.88,0,16.26607506
3.885,0,16.26218618
3.89,0,16.25829791
3.895,0,16.25441026
3.9,0,16.25052322
3.905,0,16.24663679
3.91,0,16.24275098
3.915,0,16.23886579
3.92,0,16.23498121
3.925,0,16.23109725
3.93,0,16.22721389
3.935,0,16.22333116
3.94,0,16.21944903
3.945,0,16.21556752
3.95,0,16.21168663
3.955,0,16.20780635
3.96,0,16.20392668
3.965,0,16.20004762
3.97,0,16.19616918
3.975,0,16.19229135
3.98,0,16.18841413
3.985,0,16.18453753
3.99,0,16.18066154
3.995,0,16.17678616
4,0,16.17291139
4.005,0,16.16903724
4.01,0,16.1651637
4.015,0,16.16129077
4.02,0,16.15741845
4.025,0,16.15354674
4.03,0,16.14967565
4.035,0,16.14580516
4.04,0,16.14193529
4.045,0,16.13806603
4.05,0,16.13419738
4.055,0,16.13032934
4.06,0,16.12646191
4.065,0,16.12259509
4.07,0,16.11872888
4.075,0,16.11486329
4.08,0,16.1109983
4.085,0,16.10713392
4.09,0,16.10327015
4.095,0,16.099407
4.1,0,16.09554445
4.105,0,16.09168251
4.11,0,16.08782118
4.115,0,16.08396046
4.12,0,16.08010035
4.125,0,16.07624085
4.13,0,16.07238195
4.135,0,16.06852367
4.14,0,16.06466599
4.145,0,16.06080892
4.15,0,16.05695246
4.155,0,16.05309661
4.16,0,16.04924137
4.165,0,16.04538673
4.17,0,16.04153271
4.175,0,16.03767929
4.18,0,16.03382647
4.185,0,16.02997427
4.19,0,16.02612267
4.195,0,16.02227168
4.2,0,16.0184213
4.205,0,16.01457152
4.21,0,16.01072235
4.215,0,16.00687378
4.22,0,16.00302583
4.225,0,15.99917847
4.23,0,15.99533173
4.235,0,15.99148559
4.24,0,15.98764006
4.245,0,15.98379513
4.25,0,15.97995081
4.255,0,15.97610709
4.26,0,15.97226398
4.265,0,15.96842147
4.27,0,15.96457957
4.275,0,15.96073828
4.28,0,15.95689758
4.285,0,15.9530575
4.29,0,15.94921802
4.295,0,15.94537914
4.3,0,15.94154086
4.305,0,15.9377032
4.31,0,15.93386613
4.315,0,15.93002967
4.32,0,15.92619381
4.325,0,15.92235856
4.33,0,15.91852391
4.335,0,15.91468986
4.34,0,15.91085642
4.345,0,15.90702357
4.35,0,15.90319134
4.355,0,15.8993597
4.36,0,15.89552867
4.365,0,15.89169824
4.37,0,15.88786841
4.375,0,15.88403919
4.38,0,15.88021056
4.385,0,15.87638254
4.39,0,15.87255512
4.395,0,15.86872831
4.4,0,15.86490209
4.405,0,15.86107648
4.41,0,15.85725146
4.415,0,15.85342705
4.42,0,15.84960324
4.425,0,15.84578003
4.43,0,15.84195742
4.435,0,15.83813541
4.44,0,15.834314
4.445,0,15.8304932
4.45,0,15.82667299
4.455,0,15.82285338
4.46,0,15.81903438
4.465,0,15.81521597
4.47,0,15.81139816
4.475,0,15.80758095
4.48,0,15.80376435
4.485,0,15.79994834
4.49,0,15.79613293
4.495,0,15.79231812
4.5,0,15.78850391
4.505,0,15.78469029
4.51,0,15.78087728
4.515,0,15.77706486
4.52,0,15.77325305
4.525,0,15.76944183
4.53,0,15.76563121
4.535,0,15.76182119
4.54,0,15.75801176
4.545,0,15.75420294
4.55,0,15.75039471
4.555,0,15.74658708
4.56,0,15.74278004
4.565,0,15.73897361
4.57,0,15.73516777
4.575,0,15.73136252
4.58,0,15.72755788
4.585,0,15.72375383
4.59,0,15.71995038
4.595,0,15.71614752
4.6,0,15.71234526
4.605,0,15.7085436
4.61,0,15.70474253
4.615,0,15.70094206
4.62,0,15.69714218
4.625,0,15.6933429
4.63,0,15.68954422
4.635,0,15.68574613
4.64,0,15.68194864
4.645,0,15.67815174
4.65,0,15.67435543
4.655,0,15.67055973
4.66,0,15.66676461
4.665,0,15.66297009
4.67,0,15.65917617
4.675,0,15.65538284
4.68,0,15.6515901
4.685,0,15.64779796
4.69,0,15.64400641
4.695,0,15.64021546
4.7,0,15.6364251
4.705,0,15.63263533
4.71,0,15.62884616
4.715,0,15.62505758
4.72,0,15.62126959
4.725,0,15.6174822
4.73,0,15.6136954
4.735,0,15.60990919
4.74,0,15.60612358
4.745,0,15.60233855
4.75,0,15.59855412
4.755,0,15.59477028
4.76,0,15.59098704
4.765,0,15.58720439
4.77,0,15.58342232
4.775,0,15.57964085
4.78,0,15.57585998
4.785,0,15.57207969
4.79,0,15.56829999
4.795,0,15.56452089
4.8,0,15.56074238
4.805,0,15.55696445
4.81,0,15.55318712
4.815,0,15.54941038
4.82,0,15.54563423
4.825,0,15.54185867
4.83,0,15.53808371
4.835,0,15.53430933
4.84,0,15.53053554
4.845,0,15.52676234
4.85,0,15.52298973
4.855,0,15.51921771
4.86,0,15.51544628
4.865,0,15.51167544
4.87,0,15.50790519
4.875,0,15.50413553
4.88,0,15.50036646
4.885,0,15.49659797
4.89,0,15.49283008
4.895,0,15.48906277
4.9,0,15.48529606
4.905,0,15.48152993
4.91,0,15.47776439
4.915,0,15.47399943
4.92,0,15.47023507
4.925,0,15.46647129
4.93,0,15.4627081
4.935,0,15.4589455
4.94,0,15.45518349
4.945,0,15.45142206
4.95,0,15.44766122
4.955,0,15.44390097
4.96,0,15.4401413
4.965,0,15.43638223
4.97,0,15.43262374
4.975,0,15.42886583
4.98,0,15.42510851
4.985,0,15.42135178
4.99,0,15.41759564
4.995,0,15.41384008
5,0,15.4100851
5.005,0,15.40633071
5.01,0,15.40257691
5.015,0,15.3988237
5.02,0,15.39507107
5.025,0,15.39131902
5.03,0,15.38756756
5.035,0,15.38381668
5.04,0,15.38006639
5.045,0,15.37631669
5.05,0,15.37256757
5.055,0,15.36881903
5.06,0,15.36507108
5.065,0,15.36132371
5.07,0,15.35757693
5.075,0,15.35383073
5.08,0,15.35008512
5.085,0,15.34634008
5.09,0,15.34259564
5.095,0,15.33885177
5.1,0,15.33510849
5.105,0,15.33136579
5.11,0,15.32762368
5.115,0,15.32388215
5.12,0,15.3201412
5.125,0,15.31640084
5.13,0,15.31266105
5.135,0,15.30892185
5.14,0,15.30518323
5.145,0,15.3014452
5.15,0,15.29770775
5.155,0,15.29397087
5.16,0,15.29023458
5.165,0,15.28649888
5.17,0,15.28276375
5.175,0,15.27902921
5.18,0,15.27529524
5.185,0,15.27156186
5.19,0,15.26782906
5.195,0,15.26409684
5.2,0,15.2603652
5.205,0,15.25663414
5.21,0,15.25290367
5.215,0,15.24917377
5.22,0,15.24544445
5.225,0,15.24171572
5.23,0,15.23798756
5.235,0,15.23425999
5.24,0,15.23053299
5.245,0,15.22680657
5.25,0,15.22308074
5.255,0,15.21935548
5.26,0,15.2156308
5.265,0,15.2119067
5.27,0,15.20818318
5.275,0,15.20446024
5.28,0,15.20073788
5.285,0,15.1970161
5.29,0,15.1932949
5.295,0,15.18957427
5.3,0,15.18585422
5.305,0,15.18213475
5.31,0,15.17841586
5.315,0,15.17469755
5.32,0,15.17097981
5.325,0,15.16726266
5.33,0,15.16354608
5.335,0,15.15983008
5.34,0,15.15611465
5.345,0,15.1523998
5.35,0,15.14868553
5.355,0,15.14497184
5.36,0,15.14125872
5.365,0,15.13754618
5.37,0,15.13383422
5.375,0,15.13012283
5.38,0,15.12641202
5.385,0,15.12270179
5.39,0,15.11899213
5.395,0,15.11528305
5.4,0,15.11157454
5.405,0,15.10786661
5.41,0,15.10415926
5.415,0,15.10045248
5.42,0,15.09674627
5.425,0,15.09304064
5.43,0,15.08933559
5.435,0,15.08563111
5.44,0,15.08192721
5.445,0,15.07822388
5.45,0,15.07452112
5.455,0,15.07081894
5.46,0,15.06711734
5.465,0,15.06341631
5.47,0,15.05971585
5.475,0,15.05601597
5.48,0,15.05231666
5.485,0,15.04861792
5.49,0,15.04491976
5.495,0,15.04122217
5.5,0,15.03752516
5.505,0,15.03382871
5.51,0,15.03013284
5.515,0,15.02643755
5.52,0,15.02274283
5.525,0,15.01904868
5.53,0,15.0153551
5.535,0,15.01166209
5.54,0,15.00796966
5.545,0,15.0042778
5.55,0,15.00058651
5.555,0,14.9968958
5.56,0,14.99320565
5.565,0,14.98951608
5.57,0,14.98582708
5.575,0,14.98213865
5.58,0,14.97845079
5.585,0,14.9747635
5.59,0,14.97107679
5.595,0,14.96739064
5.6,0,14.96370507
5.605,0,14.96002007
5.61,0,14.95633563
5.615,0,14.95265177
5.62,0,14.94896848
5.625,0,14.94528576
5.63,0,14.94160361
5.635,0,14.93792203
5.64,0,14.93424101
5.645,0,14.93056057
5.65,0,14.9268807
5.655,0,14.9232014
5.66,0,14.91952267
5.665,0,14.9158445
5.67,0,14.91216691
5.675,0,14.90848988
5.68,0,14.90481343
5.685,0,14.90113754
5.69,0,14.89746222
5.695,0,14.89378747
5.7,0,14.89011329
5.705,0,14.88643967
5.71,0,14.88276663
5.715,0,14.87909415
5.72,0,14.87542224
5.725,0,14.8717509
5.73,0,14.86808013
5.735,0,14.86440992
5.74,0,14.86074028
5.745,0,14.85707121
5.75,0,14.8534027
5.755,0,14.84973477
5.76,0,14.8460674
5.765,0,14.84240059
5.77,0,14.83873436
5.775,0,14.83506869
5.78,0,14.83140358
5.785,0,14.82773904
5.79,0,14.82407507
5.795,0,14.82041167
5.8,0,14.81674883
5.805,0,14.81308655
5.81,0,14.80942485
5.815,0,14.80576371
5.82,0,14.80210313
5.825,0,14.79844312
5.83,0,14.79478367
5.835,0,14.79112479
5.84,0,14.78746647
5.845,0,14.78380872
5.85,0,14.78015154
5.855,0,14.77649492
5.86,0,14.77283886
5.865,0,14.76918337
5.87,0,14.76552844
5.875,0,14.76187407
5.88,0,14.75822027
5.885,0,14.75456704
5.89,0,14.75091436
5.895,0,14.74726226
5.9,0,14.74361071
5.905,0,14.73995973
5.91,0,14.73630931
5.915,0,14.73265945
5.92,0,14.72901016
5.925,0,14.72536143
5.93,0,14.72171327
5.935,0,14.71806566
5.94,0,14.71441862
5.945,0,14.71077214
5.95,0,14.70712622
5.955,0,14.70348087
5.96,0,14.69983608
5.965,0,14.69619185
5.97,0,14.69254818
5.975,0,14.68890507
5.98,0,14.68526253
5.985,0,14.68162054
5.99,0,14.67797912
5.995,0,14.67433826
6,0,14.67069796
6.005,0,14.66705822
6.01,0,14.66341904
6.015,0,14.65978042
6.02,0,14.65614237
6.025,0,14.65250487
6.03,0,14.64886793
6.035,0,14.64523156
6.04,0,14.64159574
6.045,0,14.63796049
6.05,0,14.63432579
6.055,0,14.63069166
6.06,0,14.62705808
6.065,0,14.62342506
6.07,0,14.61979261
6.075,0,14.61616071
6.08,0,14.61252937
6.085,0,14.60889859
6.09,0,14.60526837
6.095,0,14.60163871
6.1,0,14.5980096
6.105,0,14.59438106
6.11,0,14.59075307
6.115,0,14.58712564
6.12,0,14.58349878
6.125,0,14.57987246
6.13,0,14.57624671
6.135,0,14.57262151
6.14,0,14.56899688
6.145,0,14.5653728
6.15,0,14.56174927
6.155,0,14.55812631
6.16,0,14.5545039
6.165,0,14.55088205
6.17,0,14.54726076
6.175,0,14.54364002
6.18,0,14.54001984
6.185,0,14.53640021
6.19,0,14.53278115
6.195,0,14.52916264
6.2,0,14.52554468
6.205,0,14.52192728
6.21,0,14.51831044
6.215,0,14.51469416
6.22,0,14.51107843
6.225,0,14.50746325
6.23,0,14.50384863
6.235,0,14.50023457
6.24,0,14.49662106
6.245,0,14.49300811
6.25,0,14.48939571
6.255,0,14.48578387
6.26,0,14.48217258
6.265,0,14.47856185
6.27,0,14.47495167
6.275,0,14.47134204
6.28,0,14.46773297
6.285,0,14.46412446
6.29,0,14.4605165
6.295,0,14.45690909
6.3,0,14.45330224
6.305,0,14.44969594
6.31,0,14.44609019
6.315,0,14.442485
6.32,0,14.43888036
6.325,0,14.43527628
6.33,0,14.43167274
6.335,0,14.42806976
6.34,0,14.42446734
6.345,0,14.42086547
6.35,0,14.41726414
6.355,0,14.41366338
6.36,0,14.41006316
6.365,0,14.4064635
6.37,0,14.40286439
6.375,0,14.39926583
6.38,0,14.39566782
6.385,0,14.39207037
6.39,0,14.38847347
6.395,0,14.38487711
6.4,0,14.38128131
6.405,0,14.37768607
6.41,0,14.37409137
6.415,0,14.37049722
6.42,0,14.36690363
6.425,0,14.36331058
6.43,0,14.35971809
6.435,0,14.35612613
6.44,0,14.35253471
6.445,0,14.34894381
6.45,0,14.34535342
6.455,0,14.34176354
6.46,0,14.33817416
6.465,0,14.33458526
6.47,0,14.33099684
6.475,0,14.32740889
6.48,0,14.3238214
6.485,0,14.32023437
6.49,0,14.3166478
6.495,0,14.31306169
6.5,0,14.30947603
6.505,0,14.30589083
6.51,0,14.30230608
6.515,0,14.2987218
6.52,0,14.29513797
6.525,0,14.29155461
6.53,0,14.28797171
6.535,0,14.28438929
6.54,0,14.28080733
6.545,0,14.27722586
6.55,0,14.27364485
6.555,0,14.27006433
6.56,0,14.26648429
6.565,0,14.26290474
6.57,0,14.25932567
6.575,0,14.25574708
6.58,0,14.25216898
6.585,0,14.24859136
6.59,0,14.24501423
6.595,0,14.24143758
6.6,0,14.23786141
6.605,0,14.23428573
6.61,0,14.23071053
6.615,0,14.2271358
6.62,0,14.22356156
6.625,0,14.2199878
6.63,0,14.21641451
6.635,0,14.2128417
6.64,0,14.20926937
6.645,0,14.20569751
6.65,0,14.20212613
6.655,0,14.19855522
6.66,0,14.19498479
6.665,0,14.19141483
6.67,0,14.18784534
6.675,0,14.18427633
6.68,0,14.18070779
6.685,0,14.17713973
6.69,0,14.17357214
6.695,0,14.17000503
6.7,0,14.16643839
6.705,0,14.16287222
6.71,0,14.15930653
6.715,0,14.15574132
6.72,0,14.15217658
6.725,0,14.14861232
6.73,0,14.14504853
6.735,0,14.14148522
6.74,0,14.13792238
6.745,0,14.13436002
6.75,0,14.13079813
6.755,0,14.12723672
6.76,0,14.12367579
6.765,0,14.12011533
6.77,0,14.11655535
6.775,0,14.11299584
6.78,0,14.1094368
6.785,0,14.10587824
6.79,0,14.10232016
6.795,0,14.09876254
6.8,0,14.09520541
6.805,0,14.09164874
6.81,0,14.08809255
6.815,0,14.08453684
6.82,0,14.08098159
6.825,0,14.07742682
6.83,0,14.07387253
6.835,0,14.0703187
6.84,0,14.06676536
6.845,0,14.06321248
6.85,0,14.05966007
6.855,0,14.05610814
6.86,0,14.05255669
6.865,0,14.0490057
6.87,0,14.04545519
6.875,0,14.04190515
6.88,0,14.03835558
6.885,0,14.03480649
6.89,0,14.03125787
6.895,0,14.02770972
6.9,0,14.02416204
6.905,0,14.02061484
6.91,0,14.01706811
6.915,0,14.01352185
6.92,0,14.00997606
6.925,0,14.00643074
6.93,0,14.0028859
6.935,0,13.99934153
6.94,0,13.99579763
6.945,0,13.9922542
6.95,0,13.98871124
6.955,0,13.98516875
6.96,0,13.98162674
6.965,0,13.9780852
6.97,0,13.97454412
6.975,0,13.97100352
6.98,0,13.96746339
6.985,0,13.96392373
6.99,0,13.96038455
6.995,0,13.95684583
7,0,13.95330758
7.005,3.05,13.94976982
7.01,6.1,13.94623271
7.015,9.15,13.942696
7.02,12.2,13.93915813
7.025,15.25,13.93561605
7.03,18.3,13.93206575
7.035,21.35,13.92850275
7.04,24.4,13.92492249
7.045,27.45,13.92132052
7.05,30.5,13.91769261
7.055,33.55,13.9140348
7.06,36.6,13.9103435
7.065,39.65,13.90661551
7.07,42.7,13.90284786
7.075,45.75,13.8990378
7.08,48.8,13.89518273
7.085,51.85,13.89128018
7.09,54.9,13.88732783
7.095,57.95,13.88332352
7.1,61,13.87926524
7.105,64.05,13.87515118
7.11,67.1,13.87097972
7.115,69.01,13.86674936
7.12,70.44,13.86245949
7.125,71.87,13.85811553
7.13,73.3,13.85372812
7.135,74.73,13.84930802
7.14,76.16,13.84486303
7.145,77.59,13.84039736
7.15,79.02,13.8359124
7.155,78.726,13.83140788
7.16,78.432,13.82688528
7.165,78.138,13.82235345
7.17,77.844,13.81782508
7.175,77.55,13.81331146
7.18,77.256,13.80881999
7.185,76.962,13.8043541
7.19,76.668,13.79991436
7.195,76.374,13.79549992
7.2,76.08,13.7911095
7.205,74.129,13.78674198
7.21,72.178,13.78239883
7.215,70.227,13.77808804
7.22,68.276,13.77382032
7.225,66.325,13.76960433
7.23,64.374,13.7654446
7.235,62.423,13.76134169
7.24,60.472,13.75729343
7.245,58.521,13.75329631
7.25,56.57,13.74934653
7.255,53.52,13.74544175
7.26,50.47,13.74158221
7.265,47.42,13.73777057
7.27,44.37,13.7340097
7.275,41.32,13.73030057
7.28,38.27,13.72664166
7.285,35.22,13.72302921
7.29,32.17,13.71945799
7.295,29.12,13.71592208
7.3,26.07,13.71241535
7.305,23.02,13.70893182
7.31,19.97,13.70546589
7.315,16.92,13.70201229
7.32,13.87,13.6985661
7.325,10.82,13.6951227
7.33,7.77,13.69167776
7.335,4.72,13.68822719
7.34,1.67,13.68476725
7.345,-1.38,13.68129443
7.35,-4.43,13.67780555
7.355,-7.48,13.6742977
7.36,-10.53,13.67076826
7.365,-13.58,13.66721483
7.37,-16.63,13.66363528
7.375,-19.68,13.66002767
7.38,-22.73,13.65639023
7.385,-25.78,13.65272135
7.39,-28.83,13.64901955
7.395,-31.88,13.64528344
7.4,-34.93,13.64151177
7.405,-37.98,13.63770347
7.41,-41.03,13.63385755
7.415,-44.08,13.62997303
7.42,-47.13,13.62604888
7.425,-50.18,13.62208401
7.43,-53.23,13.61807728
7.435,-56.28,13.61402751
7.44,-59.33,13.60993346
7.445,-62.38,13.60579388
7.45,-65.43,13.60160752
7.455,-68.48,13.59737307
7.46,-71.53,13.59308924
7.465,-73.896,13.58875469
7.47,-74.768,13.5843681
7.475,-75.64,13.57993354
7.48,-76.512,13.57546417
7.485,-77.384,13.57097553
7.49,-78.256,13.56647987
7.495,-79.128,13.56198415
7.5,-80,13.55749067
7.505,-79.128,13.55299871
7.51,-78.256,13.54850878
7.515,-77.384,13.54402863
7.52,-76.512,13.53956981
7.525,-75.64,13.53514248
7.53,-74.768,13.530753
7.535,-73.896,13.52640385
7.54,-73.024,13.52209484
7.545,-72.152,13.51782445
7.55,-71.28,13.51359086
7.555,-68.855,13.50939253
7.56,-66.43,13.50523033
7.565,-64.005,13.50111081
7.57,-61.58,13.49704265
7.575,-59.155,13.49303246
7.58,-56.73,13.48908371
7.585,-54.305,13.48519694
7.59,-51.88,13.48136973
7.595,-49.455,13.47759828
7.6,-47.03,13.47387936
7.605,-43.98,13.47020989
7.61,-40.93,13.46658705
7.615,-37.88,13.46300887
7.62,-34.83,13.4594733
7.625,-31.78,13.45597737
7.63,-28.73,13.45251687
7.635,-25.68,13.44908668
7.64,-22.63,13.44568106
7.645,-19.58,13.44229415
7.65,-16.53,13.43892018
7.655,-13.48,13.43555362
7.66,-10.43,13.43218926
7.665,-7.38,13.42882226
7.67,-4.33,13.42544814
7.675,-1.28,13.42206283
7.68,1.77,13.41866261
7.685,4.82,13.41524411
7.69,7.87,13.41180431
7.695,10.92,13.40834051
7.7,13.97,13.40485032
7.705,17.02,13.40133159
7.71,20.07,13.39778244
7.715,23.12,13.39420118
7.72,26.17,13.3905863
7.725,29.22,13.38693644
7.73,32.27,13.38325035
7.735,35.32,13.37952694
7.74,38.37,13.37576528
7.745,41.42,13.37196455
7.75,44.47,13.36812388
7.755,47.52,13.36424236
7.76,50.57,13.36031902
7.765,53.62,13.3563528
7.77,56.67,13.3523426
7.775,59.72,13.34828727
7.78,62.77,13.34418563
7.785,65.82,13.34003644
7.79,68.87,13.33583846
7.795,71.92,13.33159041
7.8,74.97,13.32729099
7.805,76.373,13.32293884
7.81,76.666,13.31853343
7.815,76.959,13.31408412
7.82,77.252,13.30960995
7.825,77.545,13.30513033
7.83,77.838,13.30065919
7.835,78.131,13.29620363
7.84,78.424,13.29176533
7.845,78.717,13.28734289
7.85,79.01,13.28293388
7.855,77.581,13.27853607
7.86,76.152,13.27415049
7.865,74.723,13.26978594
7.87,73.294,13.26545477
7.875,71.865,13.26116755
7.88,70.436,13.25693067
7.885,69.007,13.25274639
7.89,67.578,13.24861405
7.895,66.149,13.24453153
7.9,64.72,13.24049627
7.905,61.88,13.23650593
7.91,59.04,13.2325602
7.915,56.2,13.22866365
7.92,53.36,13.22482287
7.925,50.52,13.2210425
7.93,47.68,13.21732475
7.935,44.84,13.21366869
7.94,42,13.21007079
7.945,39.16,13.20652598
7.95,36.32,13.20302853
7.955,33.27,13.19957254
7.96,30.22,13.19615229
7.965,27.17,13.1927624
7.97,24.12,13.18939765
7.975,21.07,13.18605279
7.98,18.02,13.18272252
7.985,14.97,13.17940151
7.99,11.92,13.17608455
7.995,8.87,13.17276661
8,5.82,13.16944294
8.005,2.77,13.16610915
8.01,-0.28,13.16276124
8.015,-3.33,13.15939559
8.02,-6.38,13.15600896
8.025,-9.43,13.15259846
8.03,-12.48,13.14916155
8.035,-15.53,13.14569598
8.04,-18.58,13.14219977
8.045,-21.63,13.13867117
8.05,-24.68,13.13510863
8.055,-27.73,13.13151077
8.06,-30.78,13.12787633
8.065,-33.83,13.12420419
8.07,-36.88,13.1204934
8.075,-39.93,13.11674315
8.08,-42.98,13.11295266
8.085,-46.03,13.10912109
8.09,-49.08,13.10524755
8.095,-52.13,13.10133106
8.1,-55.18,13.09737058
8.105,-58.23,13.09336504
8.11,-61.28,13.08931329
8.115,-64.33,13.08521416
8.12,-67.38,13.08106646
8.125,-70.43,13.07686893
8.13,-73.294,13.07262034
8.135,-74.723,13.06831933
8.14,-76.152,13.06396737
8.145,-77.581,13.05957294
8.15,-79.01,13.05514742
8.155,-78.717,13.05070039
8.16,-78.424,13.04624016
8.165,-78.131,13.04177884
8.17,-77.838,13.03732947
8.175,-77.545,13.03290204
8.18,-77.252,13.02850207
8.185,-76.959,13.02413127
8.19,-76.666,13.01978902
8.195,-76.373,13.0154738
8.2,-76.08,13.01118416
8.205,-74.128,13.00691917
8.21,-72.176,13.00268076
8.215,-70.224,12.99847753
8.22,-68.272,12.99432071
8.225,-66.32,12.99021938
8.23,-64.368,12.98617843
8.235,-62.416,12.98219871
8.24,-60.464,12.97827836
8.245,-58.512,12.97441451
8.25,-56.56,12.97060453
8.255,-53.51,12.96684577
8.26,-50.46,12.96313767
8.265,-47.41,12.95948254
8.27,-44.36,12.95588283
8.275,-41.31,12.95233906
8.28,-38.26,12.9488491
8.285,-35.21,12.94540862
8.29,-32.16,12.94201176
8.295,-29.11,12.93865193
8.3,-26.06,12.93532237
8.305,-23.01,12.93201648
8.31,-19.96,12.92872799
8.315,-16.91,12.92545102
8.32,-13.86,12.92218007
8.325,-10.81,12.91890997
8.33,-7.76,12.9156359
8.335,-4.71,12.91235337
8.34,-1.66,12.90905825
8.345,1.39,12.90574679
8.35,4.44,12.90241559
8.355,7.49,12.89906158
8.36,10.54,12.89568208
8.365,13.59,12.89227466
8.37,16.64,12.88883723
8.375,19.69,12.88536791
8.38,22.74,12.88186505
8.385,25.79,12.8783272
8.39,28.84,12.87475303
8.395,31.89,12.87114134
8.4,34.94,12.86749106
8.405,37.99,12.86380133
8.41,41.04,12.86007135
8.415,44.09,12.85630034
8.42,47.14,12.85248743
8.425,50.19,12.84863171
8.43,53.24,12.84473219
8.435,56.29,12.84078782
8.44,59.34,12.83679752
8.445,62.39,12.83276016
8.45,65.44,12.82867458
8.455,68.49,12.82453958
8.46,71.54,12.82035397
8.465,73.896,12.81611649
8.47,74.768,12.81182599
8.475,75.64,12.80748686
8.48,76.512,12.80311248
8.485,77.384,12.79871847
8.49,78.256,12.79431716
8.495,79.128,12.78991561
8.5,80,12.78551633
8.505,79.128,12.78111891
8.51,78.256,12.77672433
8.515,77.384,12.77234083
8.52,76.512,12.7679803
8.525,75.64,12.7636532
8.53,74.768,12.75936612
8.535,73.896,12.7551218
8.54,73.024,12.75092029
8.545,72.152,12.74676031
8.55,71.28,12.74264025
8.555,68.854,12.73855871
8.56,66.428,12.73451674
8.565,64.002,12.73052097
8.57,61.576,12.72658002
8.575,59.15,12.7227005
8.58,56.724,12.7188859
8.585,54.298,12.71513627
8.59,51.872,12.71144951
8.595,49.446,12.7078229
8.6,47.02,12.70425282
8.605,43.97,12.70073518
8.61,40.92,12.69726611
8.615,37.87,12.69384266
8.62,34.82,12.69046194
8.625,31.77,12.68712021
8.63,28.72,12.68381271
8.635,25.67,12.68053383
8.64,22.62,12.6772775
8.645,19.57,12.67403759
8.65,16.52,12.67080814
8.655,13.47,12.66758349
8.66,10.42,12.66435834
8.665,7.37,12.6611278
8.67,4.32,12.65788738
8.675,1.27,12.65463299
8.68,-1.78,12.65136096
8.685,-4.83,12.64806798
8.69,-7.88,12.6447511
8.695,-10.93,12.6414077
8.7,-13.98,12.63803548
8.705,-17.03,12.63463239
8.71,-20.08,12.63119663
8.715,-23.13,12.62772662
8.72,-26.18,12.62422093
8.725,-29.23,12.62067827
8.73,-32.28,12.61709747
8.735,-35.33,12.61347751
8.74,-38.38,12.60981753
8.745,-41.43,12.60611675
8.75,-44.48,12.60237437
8.755,-47.53,12.59858952
8.76,-50.58,12.59476126
8.765,-53.63,12.59088861
8.77,-56.68,12.58697051
8.775,-59.73,12.58300587
8.78,-62.78,12.57899356
8.785,-65.83,12.57493243
8.79,-68.88,12.57082132
8.795,-71.93,12.56665902
8.8,-74.98,12.56244435
8.805,-76.373,12.55817603
8.81,-76.666,12.55385385
8.815,-76.959,12.54948767
8.82,-77.252,12.54509693
8.825,-77.545,12.54070124
8.83,-77.838,12.53631469
8.835,-78.131,12.53194454
8.84,-78.424,12.52759272
8.845,-78.717,12.52325817
8.85,-79.01,12.51893881
8.855,-77.581,12.51463276
8.86,-76.152,12.51034151
8.865,-74.723,12.50607423
8.87,-73.294,12.50184351
8.875,-71.865,12.49766002
8.88,-70.436,12.49353023
8.885,-69.007,12.48945641
8.89,-67.578,12.48543797
8.895,-66.149,12.48147283
8.9,-64.72,12.47755844
8.905,-61.879,12.47369246
8.91,-59.038,12.46987512
8.915,-56.197,12.46611139
8.92,-53.356,12.46240744
8.925,-50.515,12.45876814
8.93,-47.674,12.45519505
8.935,-44.833,12.45168626
8.94,-41.992,12.44823734
8.945,-39.151,12.44484251
8.95,-36.31,12.44149535
8.955,-33.26,12.4381894
8.96,-30.21,12.43491839
8.965,-27.16,12.43167652
8.97,-24.11,12.42845814
8.975,-21.06,12.42525771
8.98,-18.01,12.42206968
8.985,-14.96,12.41888857
8.99,-11.91,12.41570907
8.995,-8.86,12.41252609
9,-5.81,12.40933488
9.005,-2.76,12.40613108
9.01,0.29,12.40291073
9.015,3.34,12.39967025
9.02,6.39,12.39640648
9.025,9.44,12.39311662
9.03,12.49,12.38979821
9.035,15.54,12.38644907
9.04,18.59,12.38306731
9.045,21.64,12.37965126
9.05,24.69,12.37619945
9.055,27.74,12.37271057
9.06,30.79,12.36918341
9.065,33.84,12.36561691
9.07,36.89,12.36201019
9.075,39.94,12.35836246
9.08,42.99,12.35467301
9.085,46.04,12.35094102
9.09,49.09,12.34716565
9.095,52.14,12.34334595
9.1,55.19,12.33948095
9.105,58.24,12.3355696
9.11,61.29,12.33161082
9.115,64.34,12.32760351
9.12,67.39,12.32354653
9.125,70.44,12.31943873
9.13,73.3,12.31527894
9.135,74.73,12.31106593
9.14,76.16,12.30680144
9.145,77.59,12.30249423
9.15,79.02,12.29815585
9.155,78.726,12.29379601
9.16,78.432,12.28942332
9.165,78.138,12.28505024
9.17,77.844,12.28069015
9.175,77.55,12.27635332
9.18,77.256,12.27204556
9.185,76.962,12.26776888
9.19,76.668,12.26352297
9.195,76.374,12.25930661
9.2,76.08,12.25511861
9.205,74.129,12.25095824
9.21,72.178,12.24682768
9.215,70.227,12.24273572
9.22,68.276,12.2386936
9.225,66.325,12.23471032
9.23,64.374,12.23079065
9.235,62.423,12.22693536
9.24,60.472,12.22314285
9.245,58.521,12.21941075
9.25,56.57,12.21573617
9.255,53.52,12.21211689
9.26,50.47,12.20855216
9.265,47.42,12.20504331
9.27,44.37,12.20159179
9.275,41.32,12.19819722
9.28,38.27,12.19485671
9.285,35.22,12.19156525
9.29,32.17,12.18831648
9.295,29.12,12.1851034
9.3,26.07,12.18191893
9.305,23.02,12.17875619
9.31,19.97,12.17560874
9.315,16.92,12.17247053
9.32,13.87,12.16933595
9.325,10.82,12.16619975
9.33,7.77,12.16305709
9.335,4.72,12.15990348
9.34,1.67,12.15673483
9.345,-1.38,12.15354742
9.35,-4.43,12.15033792
9.355,-7.48,12.14710337
9.36,-10.53,12.14384114
9.365,-13.58,12.14054893
9.37,-16.63,12.13722471
9.375,-19.68,12.13386671
9.38,-22.73,12.13047336
9.385,-25.78,12.12704328
9.39,-28.83,12.12357523
9.395,-31.88,12.12006806
9.4,-34.93,12.11652078
9.405,-37.98,12.11293256
9.41,-41.03,12.10930267
9.415,-44.08,12.10563037
9.42,-47.13,12.10191483
9.425,-50.18,12.09815518
9.43,-53.23,12.09435049
9.435,-56.28,12.09049975
9.44,-59.33,12.08660192
9.445,-62.38,12.08265594
9.45,-65.43,12.07866072
9.455,-68.48,12.07461514
9.46,-71.53,12.07051806
9.465,-73.896,12.06636834
9.47,-74.768,12.06216495
9.475,-75.64,12.05791261
9.48,-76.512,12.05362496
9.485,-77.384,12.0493178
9.49,-78.256,12.04500359
9.495,-79.128,12.04068959
9.5,-80,12.03637852
9.505,-79.128,12.03207029
9.51,-78.256,12.02776633
9.515,-77.384,12.02347533
9.52,-76.512,12.01920954
9.525,-75.64,12.01497963
9.53,-74.768,12.01079234
9.535,-73.896,12.00665057
9.54,-73.024,12.00255452
9.545,-72.152,11.99850307
9.55,-71.28,11.9944947
9.555,-68.855,11.9905281
9.56,-66.43,11.98660442
9.565,-64.005,11.98273026
9.57,-61.58,11.97891422
9.575,-59.155,11.97516336
9.58,-56.73,11.97148096
9.585,-54.305,11.96786701
9.59,-51.88,11.96431969
9.595,-49.455,11.96083551
9.6,-47.03,11.95740999
9.605,-43.98,11.95403823
9.61,-40.93,11.95071566
9.615,-37.88,11.94743864
9.62,-34.83,11.94420365
9.625,-31.78,11.94100644
9.63,-28.73,11.93784182
9.635,-25.68,11.93470386
9.64,-22.63,11.93158628
9.645,-19.58,11.92848282
9.65,-16.53,11.92538742
9.655,-13.48,11.92229439
9.66,-10.43,11.91919842
9.665,-7.38,11.91609462
9.67,-4.33,11.91297856
9.675,-1.28,11.90984621
9.68,1.77,11.90669396
9.685,4.82,11.90351859
9.69,7.87,11.90031725
9.695,10.92,11.89708742
9.7,13.97,11.89382687
9.705,17.02,11.89053367
9.71,20.07,11.8872061
9.715,23.12,11.88384265
9.72,26.17,11.88044197
9.725,29.22,11.87700285
9.73,32.27,11.87352417
9.735,35.32,11.87000497
9.74,38.37,11.86644443
9.745,41.42,11.86284182
9.75,44.47,11.85919638
9.755,47.52,11.85550729
9.76,50.57,11.85177364
9.765,53.62,11.84799448
9.77,56.67,11.84416882
9.775,59.72,11.84029561
9.78,62.77,11.83637379
9.785,65.82,11.83240227
9.79,68.87,11.82837995
9.795,71.92,11.82430572
9.8,74.97,11.82017847
9.805,76.373,11.81599704
9.81,76.666,11.81176144
9.815,76.959,11.80748193
9.82,77.252,11.80317821
9.825,77.545,11.79887007
9.83,77.838,11.79457174
9.835,78.131,11.79029067
9.84,78.424,11.78602907
9.845,78.717,11.78178619
9.85,79.01,11.77756027
9.855,77.581,11.77334979
9.86,76.152,11.76915663
9.865,74.723,11.76499027
9.87,73.294,11.76086346
9.875,71.865,11.75678694
9.88,70.436,11.75276715
9.885,69.007,11.74880638
9.89,67.578,11.74490404
9.895,66.149,11.74105804
9.9,64.72,11.73726586
9.905,61.88,11.73352561
9.91,59.04,11.72983784
9.915,56.2,11.72620718
9.92,53.36,11.72264005
9.925,50.52,11.71914078
9.93,47.68,11.71570993
9.935,44.84,11.71234466
9.94,42,11.70903979
9.945,39.16,11.70578889
9.95,36.32,11.70258504
9.955,33.27,11.69942129
9.96,30.22,11.69629102
9.965,27.17,11.69318807
9.97,24.12,11.69010657
9.975,21.07,11.68704074
9.98,18.02,11.6839849
9.985,14.97,11.68093351
9.99,11.92,11.67788121
9.995,8.87,11.67482294
10,5.82,11.67175401
10.005,2.77,11.66867011
10.01,-0.28,11.66556738
10.015,-3.33,11.66244235
10.02,-6.38,11.65929196
10.025,-9.43,11.65611353
10.03,-12.48,11.65290469
10.035,-15.53,11.6496634
10.04,-18.58,11.64638786
10.045,-21.63,11.6430765
10.05,-24.68,11.63972793
10.055,-27.73,11.63634092
10.06,-30.78,11.63291434
10.065,-33.83,11.62944718
10.07,-36.88,11.62593862
10.075,-39.93,11.62238793
10.08,-42.98,11.61879443
10.085,-46.03,11.61515734
10.09,-49.08,11.61147586
10.095,-52.13,11.60774909
10.1,-55.18,11.60397607
10.105,-58.23,11.60015583
10.11,-61.28,11.59628732
10.115,-64.33,11.5923695
10.12,-67.38,11.58840131
10.125,-70.43,11.58438165
10.13,-73.294,11.58030943
10.135,-74.723,11.57618354
10.14,-76.152,11.57200596
10.145,-77.581,11.56778569
10.15,-79.01,11.56353444
10.155,-78.717,11.55926208
10.16,-78.424,11.5549775
10.165,-78.131,11.55069352
10.17,-77.838,11.54642375
10.175,-77.545,11.54217871
10.18,-77.252,11.53796446
10.185,-76.959,11.53378324
10.19,-76.666,11.52963501
10.195,-76.373,11.52551881
10.2,-76.08,11.52143366
10.205,-74.128,11.51737899
10.21,-72.176,11.51335721
10.215,-70.224,11.50937721
10.22,-68.272,11.50545022
10.225,-66.32,11.5015851
10.23,-64.368,11.49778646
10.235,-62.416,11.49405525
10.24,-60.464,11.4903903
10.245,-58.512,11.48678902
10.25,-56.56,11.48324889
10.255,-53.51,11.47976752
10.26,-50.46,11.47634329
10.265,-47.41,11.47297658
10.27,-44.36,11.46966794
10.275,-41.31,11.46641618
10.28,-38.26,11.46321774
10.285,-35.21,11.4600671
10.29,-32.16,11.4569575
10.295,-29.11,11.45388169
10.3,-26.06,11.45083237
10.305,-23.01,11.44780253
10.31,-19.96,11.44478563
10.315,-16.91,11.44177557
10.32,-13.86,11.4387667
10.325,-10.81,11.43575378
10.33,-7.76,11.43273199
10.335,-4.71,11.42969691
10.34,-1.66,11.42664453
10.345,1.39,11.42357123
10.35,4.44,11.42047378
10.355,7.49,11.41734935
10.36,10.54,11.41419541
10.365,13.59,11.41100979
10.37,16.64,11.40779056
10.375,19.69,11.40453606
10.38,22.74,11.40124482
10.385,25.79,11.39791554
10.39,28.84,11.39454705
10.395,31.89,11.39113827
10.4,34.94,11.38768829
10.405,37.99,11.38419633
10.41,41.04,11.3806617
10.415,44.09,11.3770837
10.42,47.14,11.37346157
10.425,50.19,11.36979445
10.43,53.24,11.36608144
10.435,56.29,11.36232161
10.44,59.34,11.35851395
10.445,62.39,11.35465746
10.45,65.44,11.3507511
10.455,68.49,11.34679383
10.46,71.54,11.34278457
10.465,73.896,11.33872227
10.47,74.768,11.33460606
10.475,75.64,11.33044103
10.48,76.512,11.32624111
10.485,77.384,11.32202223
10.49,78.256,11.31779695
10.495,79.128,11.31357261
10.5,80,11.30935212
10.505,79.128,11.30513563
10.51,78.256,11.30092502
10.515,77.384,11.2967294
10.52,76.512,11.2925613
10.525,75.64,11.28843156
10.53,74.768,11.28434705
10.535,73.896,11.28031075
10.54,73.024,11.27632298
10.545,72.152,11.27238269
10.55,71.28,11.26848846
10.555,68.854,11.26463899
10.56,66.428,11.26083545
10.565,64.002,11.25708452
10.57,61.576,11.25339528
10.575,59.15,11.24977449
10.58,56.724,11.24622527
10.585,54.298,11.24274779
10.59,51.872,11.23933949
10.595,49.446,11.23599603
10.6,47.02,11.23271215
10.605,43.97,11.22948227
10.61,40.92,11.22630121
10.615,37.87,11.22316478
10.62,34.82,11.22006894
10.625,31.77,11.21700904
10.63,28.72,11.21397957
10.635,25.67,11.21097441
10.64,22.62,11.20798717
10.645,19.57,11.20501153
10.65,16.52,11.20204145
10.655,13.47,11.19907125
10.66,10.42,11.1960957
10.665,7.37,11.19310998
10.67,4.32,11.19010975
10.675,1.27,11.18709109
10.68,-1.78,11.18405052
10.685,-4.83,11.18098493
10.69,-7.88,11.17789159
10.695,-10.93,11.17476811
10.7,-13.98,11.17161237
10.705,-17.03,11.16842256
10.71,-20.08,11.16519705
10.715,-23.13,11.16193443
10.72,-26.18,11.15863343
10.725,-29.23,11.15529291
10.73,-32.28,11.15191181
10.735,-35.33,11.14848922
10.74,-38.38,11.14502439
10.745,-41.43,11.14151663
10.75,-44.48,11.1379652
10.755,-47.53,11.13436932
10.76,-50.58,11.13072813
10.765,-53.63,11.12704073
10.77,-56.68,11.12330614
10.775,-59.73,11.11952337
10.78,-62.78,11.11569143
10.785,-65.83,11.11180929
10.79,-68.88,11.1078759
10.795,-71.93,11.10389025
10.8,-74.98,11.09985128
10.805,-76.373,11.09575794
10.81,-76.666,11.09161051
10.815,-76.959,11.0874197
10.82,-77.252,11.08320549
10.825,-77.545,11.07898778
10.83,-77.838,11.07478088
10.835,-78.131,11.07059234
10.84,-78.424,11.06642459
10.845,-78.717,11.06227716
10.85,-79.01,11.05814859
10.855,-77.581,11.05403768
10.86,-76.152,11.04994665
10.865,-74.723,11.04588527
10.87,-73.294,11.04186638
10.875,-71.865,11.03790069
10.88,-70.436,11.03399457
10.885,-69.007,11.03015026
10.89,-67.578,11.02636709
10.895,-66.149,11.02264298
10.9,-64.72,11.01897582
10.905,-61.879,11.01536404
10.91,-59.038,11.01180791
10.915,-56.197,11.00831237
10.92,-53.356,11.00488333
10.925,-50.515,11.00152407
10.93,-47.674,10.99823417
10.935,-44.833,10.99500997
10.94,-41.992,10.99184566
10.945,-39.151,10.98873429
10.95,-36.31,10.98566853
10.955,-33.26,10.98264113
10.96,-30.21,10.9796452
10.965,-27.16,10.97667438
10.97,-24.11,10.9737226
10.975,-21.06,10.97078401
10.98,-18.01,10.96785287
10.985,-14.96,10.96492361
10.99,-11.91,10.96199095
10.995,-8.86,10.9590499
11,-5.81,10.95609586
11.005,-2.76,10.95312467
11.01,0.29,10.95013259
11.015,3.34,10.94711631
11.02,6.39,10.94407289
11.025,9.44,10.9409998
11.03,12.49,10.9378948
11.035,15.54,10.93475598
11.04,18.59,10.93158165
11.045,21.64,10.92837035
11.05,24.69,10.92512078
11.055,27.74,10.9218318
11.06,30.79,10.91850234
11.065,33.84,10.91513146
11.07,36.89,10.91171839
11.075,39.94,10.90826246
11.08,42.99,10.90476301
11.085,46.04,10.90121931
11.09,49.09,10.89763059
11.095,52.14,10.89399598
11.1,55.19,10.89031458
11.105,58.24,10.88658542
11.11,61.29,10.88280754
11.115,64.34,10.87897994
11.12,67.39,10.87510161
11.125,70.44,10.87117152
11.13,73.3,10.86718866
11.135,74.73,10.86315203
11.14,76.16,10.85906387
11.145,77.59,10.85493341
11.15,79.02,10.85077252
11.155,78.726,10.84659114
11.16,78.432,10.84239842
11.165,78.138,10.83820748
11.17,77.844,10.8340322
11.175,77.55,10.82988332
11.18,77.256,10.8257671
11.185,76.962,10.82168603
11.19,76.668,10.81764029
11.195,76.374,10.81362913
11.2,76.08,10.80965172
11.205,74.129,10.80570764
11.21,72.178,10.80179944
11.215,70.227,10.79793603
11.22,68.276,10.79412849
11.225,66.325,10.79038547
11.23,64.374,10.78671165
11.235,62.423,10.78310833
11.24,60.472,10.7795741
11.245,58.521,10.77610667
11.25,56.57,10.77270336
11.255,53.52,10.76936098
11.26,50.47,10.76607704
11.265,47.42,10.7628511
11.27,44.37,10.75968293
11.275,41.32,10.75657064
11.28,38.27,10.75351014
11.285,35.22,10.75049553
11.29,32.17,10.74751977
11.295,29.12,10.74457544
11.3,26.07,10.74165517
11.305,23.02,10.7387519
11.31,19.97,10.73585907
11.315,16.92,10.73297059
11.32,13.87,10.73008086
11.325,10.82,10.72718471
11.33,7.77,10.72427741
11.335,4.72,10.72135463
11.34,1.67,10.71841251
11.345,-1.38,10.71544754
11.35,-4.43,10.71245667
11.355,-7.48,10.70943717
11.36,-10.53,10.70638667
11.365,-13.58,10.70330312
11.37,-16.63,10.70018472
11.375,-19.68,10.69702992
11.38,-22.73,10.69383735
11.385,-25.78,10.6906058
11.39,-28.83,10.68733417
11.395,-31.88,10.68402147
11.4,-34.93,10.68066681
11.405,-37.98,10.6772695
11.41,-41.03,10.67382889
11.415,-44.08,10.6703443
11.42,-47.13,10.66681501
11.425,-50.18,10.66324021
11.43,-53.23,10.65961904
11.435,-56.28,10.6559506
11.44,-59.33,10.65223393
11.445,-62.38,10.64846807
11.45,-65.43,10.64465206
11.455,-68.48,10.6407849
11.46,-71.53,10.63686559
11.465,-73.896,10.63289316
11.47,-74.768,10.62886687
11.475,-75.64,10.62479209
11.48,-76.512,10.62068297
11.485,-77.384,10.61655557
11.49,-78.256,10.61242252
11.495,-79.128,10.60829131
11.5,-80,10.60416502
11.505,-79.128,10.60004406
11.51,-78.256,10.59593073
11.515,-77.384,10.59183451
11.52,-76.512,10.58776817
11.525,-75.64,10.58374265
11.53,-74.768,10.57976487
11.535,-73.896,10.57583786
11.54,-73.024,10.57196198
11.545,-72.152,10.56813626
11.55,-71.28,10.56435926
11.555,-68.855,10.56062968
11.56,-66.43,10.55694883
11.565,-64.005,10.55332391
11.57,-61.58,10.54976369
11.575,-59.155,10.54627464
11.58,-56.73,10.54285999
11.585,-54.305,10.53951918
11.59,-51.88,10.53624877
11.595,-49.455,10.53304366
11.6,-47.03,10.52989795
11.605,-43.98,10.52680551
11.61,-40.93,10.52376071
11.615,-37.88,10.52075892
11.62,-34.83,10.51779573
11.625,-31.78,10.51486619
11.63,-28.73,10.5119646
11.635,-25.68,10.50908476
11.64,-22.63,10.50622023
11.645,-19.58,10.50336473
11.65,-16.53,10.50051228
11.655,-13.48,10.4976573
11.66,-10.43,10.49479466
11.665,-7.38,10.49191968
11.67,-4.33,10.48902815
11.675,-1.28,10.48611629
11.68,1.77,10.48318077
11.685,4.82,10.48021862
11.69,7.87,10.47722726
11.695,10.92,10.47420443
11.7,13.97,10.47114815
11.705,17.02,10.46805671
11.71,20.07,10.46492859
11.715,23.12,10.46176248
11.72,26.17,10.45855719
11.725,29.22,10.45531165
11.73,32.27,10.45202485
11.735,35.32,10.44869595
11.74,38.37,10.44532424
11.745,41.42,10.44190907
11.75,44.47,10.43844974
11.755,47.52,10.4349455
11.76,50.57,10.43139554
11.765,53.62,10.42779897
11.77,56.67,10.42415487
11.775,59.72,10.42046231
11.78,62.77,10.41672033
11.785,65.82,10.41292797
11.79,68.87,10.40908425
11.795,71.92,10.40518821
11.8,74.97,10.4012389
11.805,76.373,10.39723534
11.81,76.666,10.39317804
11.815,76.959,10.38907807
11.82,77.252,10.38495559
11.825,77.545,10.38083063
11.83,77.838,10.37671755
11.835,78.131,10.37262408
11.84,78.424,10.36855282
11.845,78.717,10.36450357
11.85,79.01,10.36047518
11.855,77.581,10.3564667
11.86,76.152,10.35248066
11.865,74.723,10.34852704
11.87,73.294,10.34461869
11.875,71.865,10.34076624
11.88,70.436,10.33697591
11.885,69.007,10.33324981
11.89,67.578,10.32958719
11.895,66.149,10.32598636
11.9,64.72,10.32244551
11.905,61.88,10.31896282
11.91,59.04,10.31553895
11.915,56.2,10.31217835
11.92,53.36,10.30888587
11.925,50.52,10.30566379
11.93,47.68,10.30251083
11.935,44.84,10.29942264
11.94,42,10.29639291
11.945,39.16,10.29341434
11.95,36.32,10.29047934
11.955,33.27,10.28758047
11.96,30.22,10.2847107
11.965,27.17,10.28186355
11.97,24.12,10.27903291
11.975,21.07,10.27621287
11.98,18.02,10.27339772
11.985,14.97,10.27058198
11.99,11.92,10.26776044
11.995,8.87,10.26492824
12,5.82,10.26208095
12.005,2.77,10.25921455
12.01,-0.28,10.25632546
12.015,-3.33,10.25341055
12.02,-6.38,10.25046704
12.025,-9.43,10.24749255
12.03,-12.48,10.24448498
12.035,-15.53,10.24144255
12.04,-18.58,10.2383637
12.045,-21.63,10.23524706
12.05,-24.68,10.23209144
12.055,-27.73,10.22889576
12.06,-30.78,10.22565904
12.065,-33.83,10.2223804
12.07,-36.88,10.21905911
12.075,-39.93,10.21569454
12.08,-42.98,10.21228608
12.085,-46.03,10.20883304
12.09,-49.08,10.20533466
12.095,-52.13,10.20179012
12.1,-55.18,10.19819855
12.105,-58.23,10.19455903
12.11,-61.28,10.19087064
12.115,-64.33,10.18713244
12.12,-67.38,10.18334346
12.125,-70.43,10.17950276
12.13,-73.294,10.17560939
12.135,-74.723,10.17166245
12.14,-76.152,10.16766442
12.145,-77.581,10.16362474
12.15,-79.01,10.15955537
12.155,-78.717,10.1554664
12.16,-78.424,10.15136721
12.165,-78.131,10.14727117
12.17,-77.838,10.14319237
12.175,-77.545,10.13914169
12.18,-77.252,10.13512556
12.185,-76.959,10.13114664
12.19,-76.666,10.12720529
12.195,-76.373,10.12330093
12.2,-76.08,10.11943288
12.205,-74.128,10.11560079
12.21,-72.176,10.11180728
12.215,-70.224,10.10806125
12.22,-68.272,10.10437361
12.225,-66.32,10.10075302
12.23,-64.368,10.09720443
12.235,-62.416,10.09372879
12.24,-60.464,10.0903249
12.245,-58.512,10.08699035
12.25,-56.56,10.08372169
12.255,-53.51,10.08051489
12.26,-50.46,10.07736673
12.265,-47.41,10.07427606
12.27,-44.36,10.07124196
12.275,-41.31,10.06826199
12.28,-38.26,10.06533163
12.285,-35.21,10.0624447
12.29,-32.16,10.05959403
12.295,-29.11,10.05677212
12.3,-26.06,10.05397161
12.305,-23.01,10.05118549
12.31,-19.96,10.04840724
12.315,-16.91,10.04563087
12.32,-13.86,10.04285086
12.325,-10.81,10.04006216
12.33,-7.76,10.03726017
12.335,-4.71,10.03444074
12.34,-1.66,10.03160012
12.345,1.39,10.028735
12.35,4.44,10.02584247
12.355,7.49,10.02291998
12.36,10.54,10.0199653
12.365,13.59,10.01697651
12.37,16.64,10.01395195
12.375,19.69,10.01089018
12.38,22.74,10.00778994
12.385,25.79,10.0046501
12.39,28.84,10.00146964
12.395,31.89,9.998247644
12.4,34.94,9.994983288
12.405,37.99,9.991675918
12.41,41.04,9.988324929
12.415,44.09,9.984929694
12.42,47.14,9.981489515
12.425,50.19,9.978003625
12.43,53.24,9.974471199
12.435,56.29,9.970891369
12.44,59.34,9.967263241
12.445,62.39,9.963585902
12.45,65.44,9.959858431
12.455,68.49,9.956079903
12.46,71.54,9.952249398
12.465,73.896,9.948365998
12.47,74.768,9.944429143
12.475,75.64,9.940444544
12.48,76.512,9.936426581
12.485,77.384,9.932391405
12.49,78.256,9.928351671
12.495,79.128,9.924314904
12.5,80,9.92028432
12.505,79.128,9.91626056
12.51,78.256,9.912246281
12.515,77.384,9.908251317
12.52,76.512,9.904288599
12.525,75.64,9.900369126
12.53,74.768,9.896499808
12.535,73.896,9.892683663
12.54,73.024,9.888921054
12.545,72.152,9.885210987
12.55,71.28,9.881552015
12.555,68.854,9.877942937
12.56,66.428,9.874385653
12.565,64.002,9.870887115
12.57,61.576,9.867455799
12.575,59.15,9.864098238
12.58,56.724,9.860816849
12.585,54.298,9.857610134
12.59,51.872,9.854473869
12.595,49.446,9.851402305
12.6,47.02,9.848389032
12.605,43.97,9.845427508
12.61,40.92,9.842511759
12.615,37.87,9.83963684
12.62,34.82,9.836798073
12.625,31.77,9.833990314
12.63,28.72,9.831207765
12.635,25.67,9.828444181
12.64,22.62,9.825693198
12.645,19.57,9.822948622
12.65,16.52,9.820204601
12.655,13.47,9.817455705
12.66,10.42,9.814696961
12.665,7.37,9.811923861
12.67,4.32,9.809132362
12.675,1.27,9.80631887
12.68,-1.78,9.803480209
12.685,-4.83,9.800613592
12.69,-7.88,9.797716589
12.695,-10.93,9.794787083
12.7,-13.98,9.791823236
12.705,-17.03,9.788823452
12.71,-20.08,9.785786336
12.715,-23.13,9.782710655
12.72,-26.18,9.779595307
12.725,-29.23,9.776439288
12.73,-32.28,9.773241665
12.735,-35.33,9.770001639
12.74,-38.38,9.766718551
12.745,-41.43,9.763391782
12.75,-44.48,9.76002068
12.755,-47.53,9.756604525
12.76,-50.58,9.753142531
12.765,-53.63,9.749633859
12.77,-56.68,9.746077638
12.775,-59.73,9.742472974
12.78,-62.78,9.738818966
12.785,-65.83,9.735114708
12.79,-68.88,9.731359299
12.795,-71.93,9.727551848
12.8,-74.98,9.72369148
12.805,-76.373,9.719777309
12.81,-76.666,9.715810106
12.815,-76.959,9.711801337
12.82,-77.252,9.707771388
12.825,-77.545,9.703740321
12.83,-77.838,9.699722499
12.835,-78.131,9.695725679
12.84,-78.424,9.691752624
12.845,-78.717,9.687803365
12.85,-79.01,9.683877004
12.855,-77.581,9.679972831
12.86,-76.152,9.676093651
12.865,-74.723,9.672249565
12.87,-73.294,9.66845338
12.875,-71.865,9.664715542
12.88,-70.436,9.66104207
12.885,-69.007,9.657434881
12.89,-67.578,9.65389354
12.895,-66.149,9.650416606
12.9,-64.72,9.647002099
12.905,-61.879,9.643648532
12.91,-59.038,9.640356162
12.915,-56.197,9.637128482
12.92,-53.356,9.633969348
12.925,-50.515,9.630880124
12.93,-47.674,9.627858788
12.935,-44.833,9.624900464
12.94,-41.992,9.621998463
12.945,-39.151,9.619145248
12.95,-36.31,9.61633309
12.955,-33.26,9.61355446
12.96,-30.21,9.610802287
12.965,-27.16,9.608070056
12.97,-24.11,9.605351651
12.975,-21.06,9.602641213
12.98,-18.01,9.599933108
12.985,-14.96,9.597221961
12.99,-11.91,9.594502718
12.995,-8.86,9.591770701
13,-5.81,9.589021656
13.005,-2.76,9.586251764
13.01,0,9.583457642
13.015,0,9.580636271
13.02,0,9.57778668
13.025,0,9.574911962
13.03,0,9.572016745
13.035,0,9.569105069
13.04,0,9.566179595
13.045,0,9.563241712
13.05,0,9.560292031
13.055,0,9.557330928
13.06,0,9.554358924
13.065,0,9.551376872
13.07,0,9.548385977
13.075,0,9.545387711
13.08,0,9.542383692
13.085,0,9.539375559
13.09,0,9.536364877
13.095,0,9.533353067
13.1,0,9.530341371
13.105,0,9.527330831
13.11,0,9.524322293
13.115,0,9.521316412
13.12,0,9.518313663
13.125,0,9.515314357
13.13,0,9.512318656
13.135,0,9.509326604
13.14,0,9.506338631
13.145,0,9.503355296
13.15,0,9.500376847
13.155,0,9.497403235
13.16,0,9.494434166
13.165,0,9.491469168
13.17,0,9.488507662
13.175,0,9.485549021
13.18,0,9.482592616
13.185,0,9.47963785
13.19,0,9.47668418
13.195,0,9.473731135
13.2,0,9.470778316
13.205,0,9.467825408
13.21,0,9.46487217
13.215,0,9.46191844
13.22,0,9.458964121
13.225,0,9.456009185
13.23,0,9.453053656
13.235,0,9.450097604
13.24,0,9.447141138
13.245,0,9.444184393
13.25,0,9.441227524
13.255,0,9.438270694
13.26,0,9.435314068
13.265,0,9.432357804
13.27,0,9.42940205
13.275,0,9.426446936
13.28,0,9.423492573
13.285,0,9.420539051
13.29,0,9.417586434
13.295,0,9.414634766
13.3,0,9.411684068
13.305,0,9.408734339
13.31,0,9.405785563
13.315,0,9.402837707
13.32,0,9.399890728
13.325,0,9.39694457
13.33,0,9.393999176
13.335,0,9.391054483
13.34,0,9.388110429
13.345,0,9.385166956
13.35,0,9.382224084
13.355,0,9.379281989
13.36,0,9.376340725
13.365,0,9.373400179
13.37,0,9.370460203
13.375,0,9.367520687
13.38,0,9.364581568
13.385,0,9.361642821
13.39,0,9.358704439
13.395,0,9.355766424
13.4,0,9.352828776
13.405,0,9.34989149
13.41,0,9.346954555
13.415,0,9.344017959
13.42,0,9.341081687
13.425,0,9.338145725
13.43,0,9.335210061
13.435,0,9.332274686
13.44,0,9.329339592
13.445,0,9.326404775
13.45,0,9.323470232
13.455,0,9.320535962
13.46,0,9.317601966
13.465,0,9.314668245
13.47,0,9.311734799
13.475,0,9.30880163
13.48,0,9.30586874
13.485,0,9.302936128
13.49,0,9.300003797
13.495,0,9.297071744
13.5,0,9.29413997
13.505,0,9.291208472
13.51,0,9.288277245
13.515,0,9.285346263
13.52,0,9.282415528
13.525,0,9.279485076
13.53,0,9.276554937
13.535,0,9.273625133
13.54,0,9.27069567
13.545,0,9.267766542
13.55,0,9.264837741
13.555,0,9.261909251
13.56,0,9.25898106
13.565,0,9.256053152
13.57,0,9.253125518
13.575,0,9.250198146
13.58,0,9.247271027
13.585,0,9.244344155
13.59,0,9.241417522
13.595,0,9.238491124
13.6,0,9.235564956
13.605,0,9.232639015
13.61,0,9.229713299
13.615,0,9.226787806
13.62,0,9.223862538
13.625,0,9.220937494
13.63,0,9.218012676
13.635,0,9.215088096
13.64,0,9.212163793
13.645,0,9.209239791
13.65,0,9.206316092
13.655,0,9.203392691
13.66,0,9.200469583
13.665,0,9.197546766
13.67,0,9.194624239
13.675,0,9.191702002
13.68,0,9.188780057
13.685,0,9.185858405
13.69,0,9.182937044
13.695,0,9.180015972
13.7,0,9.177095188
13.705,0,9.174174688
13.71,0,9.17125447
13.715,0,9.16833453
13.72,0,9.165414868
13.725,0,9.162495481
13.73,0,9.159576368
13.735,0,9.15665753
13.74,0,9.153738967
13.745,0,9.15082068
13.75,0,9.147902671
13.755,0,9.144984944
13.76,0,9.142067502
13.765,0,9.139150348
13.77,0,9.136233488
13.775,0,9.133316924
13.78,0,9.130400662
13.785,0,9.127484707
13.79,0,9.124569063
13.795,0,9.121653736
13.8,0,9.118738729
13.805,0,9.115824047
13.81,0,9.112909695
13.815,0,9.109995676
13.82,0,9.107081994
13.825,0,9.104168652
13.83,0,9.101255655
13.835,0,9.098343004
13.84,0,9.095430704
13.845,0,9.092518755
13.85,0,9.08960715
13.855,0,9.086695876
13.86,0,9.083784925
13.865,0,9.080874295
13.87,0,9.077964005
13.875,0,9.075054081
13.88,0,9.072144545
13.885,0,9.069235411
13.89,0,9.066326683
13.895,0,9.063418363
13.9,0,9.060510446
13.905,0,9.057602917
13.91,0,9.054695765
13.915,0,9.051789007
13.92,0,9.048882665
13.925,0,9.045976755
13.93,0,9.043071288
13.935,0,9.040166266
13.94,0,9.037261688
13.945,0,9.03435755
13.95,0,9.031453847
13.955,0,9.028550575
13.96,0,9.025647731
13.965,0,9.022745309
13.97,0,9.019843308
13.975,0,9.016941724
13.98,0,9.014040552
13.985,0,9.011139792
13.99,0,9.008239438
13.995,0,9.005339489
14,0,9.002439942
14.005,0,8.999540794
14.01,0,8.996642042
14.015,0,8.993743684
14.02,0,8.99084572
14.025,0,8.987948146
14.03,0,8.985050963
14.035,0,8.98215417
14.04,0,8.979257764
14.045,0,8.976361747
14.05,0,8.973466118
14.055,0,8.970570876
14.06,0,8.967676021
14.065,0,8.964781554
14.07,0,8.961887473
14.075,0,8.958993779
14.08,0,8.956100472
14.085,0,8.95320755
14.09,0,8.950315014
14.095,0,8.947422863
14.1,0,8.944531096
14.105,0,8.941639713
14.11,0,8.938748712
14.115,0,8.935858093
14.12,0,8.932967854
14.125,0,8.930077995
14.13,0,8.927188513
14.135,0,8.92429941
14.14,0,8.921410682
14.145,0,8.918522328
14.15,0,8.915634349
14.155,0,8.912746742
14.16,0,8.909859507
14.165,0,8.906972642
14.17,0,8.904086148
14.175,0,8.901200022
14.18,0,8.898314264
14.185,0,8.895428873
14.19,0,8.892543849
14.195,0,8.889659191
14.2,0,8.886774899
14.205,0,8.883890971
14.21,0,8.881007408
14.215,0,8.878124209
14.22,0,8.875241374
14.225,0,8.872358899
14.23,0,8.869476781
14.235,0,8.866595014
14.24,0,8.863713594
14.245,0,8.860832518
14.25,0,8.857951784
14.255,0,8.855071394
14.26,0,8.852191349
14.265,0,8.849311652
14.27,0,8.846432304
14.275,0,8.843553307
14.28,0,8.840674663
14.285,0,8.837796379
14.29,0,8.834918461
14.295,0,8.832040916
14.3,0,8.829163744
14.305,0,8.826286948
14.31,0,8.823410526
14.315,0,8.820534478
14.32,0,8.817658804
14.325,0,8.814783502
14.33,0,8.811908572
14.335,0,8.809034015
14.34,0,8.806159829
14.345,0,8.803286014
14.35,0,8.800412569
14.355,0,8.797539493
14.36,0,8.794666785
14.365,0,8.791794443
14.37,0,8.788922466
14.375,0,8.786050852
14.38,0,8.783179598
14.385,0,8.780308704
14.39,0,8.777438168
14.395,0,8.774567987
14.4,0,8.771698162
14.405,0,8.76882869
14.41,0,8.765959571
14.415,0,8.763090804
14.42,0,8.760222388
14.425,0,8.757354323
14.43,0,8.754486609
14.435,0,8.751619245
14.44,0,8.748752232
14.445,0,8.745885569
14.45,0,8.743019257
14.455,0,8.740153296
14.46,0,8.737287687
14.465,0,8.734422429
14.47,0,8.731557523
14.475,0,8.728692969
14.48,0,8.725828767
14.485,0,8.722964918
14.49,0,8.720101422
14.495,0,8.717238278
14.5,0,8.714375487
14.505,0,8.711513049
14.51,0,8.708650964
14.515,0,8.705789231
14.52,0,8.702927851
14.525,0,8.700066823
14.53,0,8.697206148
14.535,0,8.694345825
14.54,0,8.691485854
14.545,0,8.688626235
14.55,0,8.685766968
14.555,0,8.682908053
14.56,0,8.680049491
14.565,0,8.67719128
14.57,0,8.674333421
14.575,0,8.671475915
14.58,0,8.668618761
14.585,0,8.665761959
14.59,0,8.66290551
14.595,0,8.66004941
14.6,0,8.657193657
14.605,0,8.654338249
14.61,0,8.651483191
14.615,0,8.648628485
14.62,0,8.645774135
14.625,0,8.642920145
14.63,0,8.640066516
14.635,0,8.637213246
14.64,0,8.634360337
14.645,0,8.631507786
14.65,0,8.628655595
14.655,0,8.625803763
14.66,0,8.622952289
14.665,0,8.620101174
14.67,0,8.617250418
14.675,0,8.614400021
14.68,0,8.611549984
14.685,0,8.608700305
14.69,0,8.605850985
14.695,0,8.603002024
14.7,0,8.600153421
14.705,0,8.597305177
14.71,0,8.594457291
14.715,0,8.591609763
14.72,0,8.588762593
14.725,0,8.58591578
14.73,0,8.583069325
14.735,0,8.580223227
14.74,0,8.577377486
14.745,0,8.574532102
14.75,0,8.571687074
14.755,0,8.568842404
14.76,0,8.56599809
14.765,0,8.563154133
14.77,0,8.560310532
14.775,0,8.557467288
14.78,0,8.554624401
14.785,0,8.551781871
14.79,0,8.548939697
14.795,0,8.54609788
14.8,0,8.54325642
14.805,0,8.540415316
14.81,0,8.537574569
14.815,0,8.534734179
14.82,0,8.531894145
14.825,0,8.529054468
14.83,0,8.526215148
14.835,0,8.523376184
14.84,0,8.520537577
14.845,0,8.517699326
14.85,0,8.514861431
14.855,0,8.51202389
14.86,0,8.509186704
14.865,0,8.50634987
14.87,0,8.503513388
14.875,0,8.500677259
14.88,0,8.497841482
14.885,0,8.495006058
14.89,0,8.492170987
14.895,0,8.489336269
14.9,0,8.486501904
14.905,0,8.483667892
14.91,0,8.480834234
14.915,0,8.478000929
14.92,0,8.475167977
14.925,0,8.472335379
14.93,0,8.469503134
14.935,0,8.466671243
14.94,0,8.463839706
14.945,0,8.461008524
14.95,0,8.458177696
14.955,0,8.455347223
14.96,0,8.452517104
14.965,0,8.449687341
14.97,0,8.446857933
14.975,0,8.44402888
14.98,0,8.441200182
14.985,0,8.438371841
14.99,0,8.435543856
14.995,0,8.432716229
15,0,8.429888958
15.005,0,8.427062044
15.01,0,8.424235487
15.015,0,8.421409286
15.02,0,8.418583441
15.025,0,8.415757952
15.03,0,8.412932818
15.035,0,8.410108039
15.04,0,8.407283614
15.045,0,8.404459545
15.05,0,8.401635829
15.055,0,8.398812468
15.06,0,8.39598946
15.065,0,8.393166805
15.07,0,8.390344504
15.075,0,8.387522555
15.08,0,8.384700959
15.085,0,8.381879716
15.09,0,8.379058824
15.095,0,8.376238284
15.1,0,8.373418097
15.105,0,8.37059826
15.11,0,8.367778776
15.115,0,8.364959642
15.12,0,8.36214086
15.125,0,8.359322429
15.13,0,8.356504349
15.135,0,8.353686619
15.14,0,8.350869241
15.145,0,8.348052213
15.15,0,8.345235536
15.155,0,8.342419209
15.16,0,8.339603233
15.165,0,8.336787607
15.17,0,8.333972331
15.175,0,8.331157406
15.18,0,8.32834283
15.185,0,8.325528604
15.19,0,8.322714728
15.195,0,8.319901201
15.2,0,8.317088024
15.205,0,8.314275196
15.21,0,8.311462717
15.215,0,8.308650588
15.22,0,8.305838807
15.225,0,8.303027376
15.23,0,8.300216293
15.235,0,8.297405558
15.24,0,8.294595173
15.245,0,8.291785135
15.25,0,8.288975447
15.255,0,8.286166106
15.26,0,8.283357114
15.265,0,8.28054847
15.27,0,8.277740174
15.275,0,8.274932225
15.28,0,8.272124625
15.285,0,8.269317373
15.29,0,8.266510469
15.295,0,8.263703912
15.3,0,8.260897704
15.305,0,8.258091843
15.31,0,8.25528633
15.315,0,8.252481165
15.32,0,8.249676348
15.325,0,8.24687188
15.33,0,8.24406776
15.335,0,8.241263989
15.34,0,8.238460565
15.345,0,8.235657489
15.35,0,8.232854761
15.355,0,8.23005238
15.36,0,8.227250347
15.365,0,8.224448662
15.37,0,8.221647323
15.375,0,8.218846332
15.38,0,8.216045688
15.385,0,8.213245391
15.39,0,8.210445441
15.395,0,8.207645837
15.4,0,8.20484658
15.405,0,8.20204767
15.41,0,8.199249106
15.415,0,8.196450889
15.42,0,8.193653018
15.425,0,8.190855493
15.43,0,8.188058315
15.435,0,8.185261482
15.44,0,8.182464996
15.445,0,8.179668856
15.45,0,8.176873061
15.455,0,8.174077613
15.46,0,8.171282511
15.465,0,8.168487755
15.47,0,8.165693345
15.475,0,8.162899281
15.48,0,8.160105564
15.485,0,8.157312192
15.49,0,8.154519166
15.495,0,8.151726486
15.5,0,8.148934152
15.505,0,8.146142164
15.51,0,8.143350522
15.515,0,8.140559226
15.52,0,8.137768276
15.525,0,8.134977671
15.53,0,8.132187413
15.535,0,8.1293975
15.54,0,8.126607933
15.545,0,8.123818712
15.55,0,8.121029836
15.555,0,8.118241306
15.56,0,8.115453122
15.565,0,8.112665284
15.57,0,8.10987779
15.575,0,8.107090643
15.58,0,8.104303841
15.585,0,8.101517384
15.59,0,8.098731273
15.595,0,8.095945507
15.6,0,8.093160087
15.605,0,8.090375012
15.61,0,8.087590282
15.615,0,8.084805897
15.62,0,8.082021858
15.625,0,8.079238165
15.63,0,8.076454817
15.635,0,8.073671814
15.64,0,8.070889156
15.645,0,8.068106843
15.65,0,8.065324876
15.655,0,8.062543254
15.66,0,8.059761976
15.665,0,8.056981043
15.67,0,8.054200455
15.675,0,8.051420212
15.68,0,8.048640314
15.685,0,8.04586076
15.69,0,8.04308155
15.695,0,8.040302685
15.7,0,8.037524163
15.705,0,8.034745986
15.71,0,8.031968154
15.715,0,8.029190665
15.72,0,8.02641352
15.725,0,8.023636718
15.73,0,8.020860261
15.735,0,8.018084147
15.74,0,8.015308376
15.745,0,8.012532949
15.75,0,8.009757866
15.755,0,8.006983125
15.76,0,8.004208728
15.765,0,8.001434674
15.77,0,7.998660963
15.775,0,7.995887595
15.78,0,7.99311457
15.785,0,7.990341888
15.79,0,7.987569548
15.795,0,7.984797551
15.8,0,7.982025897
15.805,0,7.979254585
15.81,0,7.976483616
15.815,0,7.973712989
15.82,0,7.970942705
15.825,0,7.968172762
15.83,0,7.965403162
15.835,0,7.962633904
15.84,0,7.959864988
15.845,0,7.957096413
15.85,0,7.954328181
15.855,0,7.95156029
15.86,0,7.948792741
15.865,0,7.946025533
15.87,0,7.943258667
15.875,0,7.940492142
15.88,0,7.937725959
15.885,0,7.934960117
15.89,0,7.932194616
15.895,0,7.929429457
15.9,0,7.926664638
15.905,0,7.92390016
15.91,0,7.921136024
15.915,0,7.918372228
15.92,0,7.915608772
15.925,0,7.912845658
15.93,0,7.910082884
15.935,0,7.907320451
15.94,0,7.904558358
15.945,0,7.901796606
15.95,0,7.899035194
15.955,0,7.896274123
15.96,0,7.893513391
15.965,0,7.890753
15.97,0,7.887992949
15.975,0,7.885233238
15.98,0,7.882473867
15.985,0,7.879714836
15.99,0,7.876956145
15.995,0,7.874197793
16,0,7.871439782
16.005,0,7.86868211
16.01,0,7.865924777
16.015,0,7.863167785
16.02,0,7.860411131
16.025,0,7.857654818
16.03,0,7.854898843
16.035,0,7.852143208
16.04,0,7.849387913
16.045,0,7.846632956
16.05,0,7.843878339
16.055,0,7.841124061
16.06,0,7.838370122
16.065,0,7.835616522
16.07,0,7.832863261
16.075,0,7.830110339
16.08,0,7.827357756
16.085,0,7.824605511
16.09,0,7.821853605
16.095,0,7.819102037
16.1,0,7.816350808
16.105,0,7.813599918
16.11,0,7.810849366
16.115,0,7.808099152
16.12,0,7.805349277
16.125,0,7.80259974
16.13,0,7.799850541
16.135,0,7.79710168
16.14,0,7.794353157
16.145,0,7.791604972
16.15,0,7.788857125
16.155,0,7.786109617
16.16,0,7.783362446
16.165,0,7.780615612
16.17,0,7.777869117
16.175,0,7.775122959
16.18,0,7.77237714
16.185,0,7.769631657
16.19,0,7.766886513
16.195,0,7.764141705
16.2,0,7.761397236
16.205,0,7.758653104
16.21,0,7.755909309
16.215,0,7.753165851
16.22,0,7.750422731
16.225,0,7.747679948
16.23,0,7.744937502
16.235,0,7.742195393
16.24,0,7.739453621
16.245,0,7.736712186
16.25,0,7.733971088
16.255,0,7.731230327
16.26,0,7.728489903
16.265,0,7.725749815
16.27,0,7.723010064
16.275,0,7.720270649
16.28,0,7.717531571
16.285,0,7.71479283
16.29,0,7.712054425
16.295,0,7.709316356
16.3,0,7.706578624
16.305,0,7.703841227
16.31,0,7.701104167
16.315,0,7.698367443
16.32,0,7.695631055
16.325,0,7.692895003
16.33,0,7.690159287
16.335,0,7.687423907
16.34,0,7.684688862
16.345,0,7.681954153
16.35,0,7.67921978
16.355,0,7.676485743
16.36,0,7.673752041
16.365,0,7.671018675
16.37,0,7.668285644
16.375,0,7.665552948
16.38,0,7.662820588
16.385,0,7.660088562
16.39,0,7.657356873
16.395,0,7.654625518
16.4,0,7.651894498
16.405,0,7.649163813
16.41,0,7.646433463
16.415,0,7.643703448
16.42,0,7.640973768
16.425,0,7.63824442
16.43,0,7.635515406
16.435,0,7.632786721
16.44,0,7.630058366
16.445,0,7.627330337
16.45,0,7.624602632
16.455,0,7.621875249
16.46,0,7.619148187
16.465,0,7.616421444
16.47,0,7.613695019
16.475,0,7.61096891
16.48,0,7.608243117
16.485,0,7.605517639
16.49,0,7.602792476
16.495,0,7.600067628
16.5,0,7.597343095
16.505,0,7.594618878
16.51,0,7.591894977
16.515,0,7.589171393
16.52,0,7.586448127
16.525,0,7.583725178
16.53,0,7.581002549
16.535,0,7.578280239
16.54,0,7.57555825
16.545,0,7.572836581
16.55,0,7.570115233
16.555,0,7.567394206
16.56,0,7.564673502
16.565,0,7.561953118
16.57,0,7.559233057
16.575,0,7.556513317
16.58,0,7.553793899
16.585,0,7.551074802
16.59,0,7.548356026
16.595,0,7.54563757
16.6,0,7.542919435
16.605,0,7.54020162
16.61,0,7.537484124
16.615,0,7.534766947
16.62,0,7.53205009
16.625,0,7.529333551
16.63,0,7.526617331
16.635,0,7.523901429
16.64,0,7.521185845
16.645,0,7.518470579
16.65,0,7.515755632
16.655,0,7.513041002
16.66,0,7.51032669
16.665,0,7.507612696
16.67,0,7.50489902
16.675,0,7.502185661
16.68,0,7.499472621
16.685,0,7.496759899
16.69,0,7.494047495
16.695,0,7.49133541
16.7,0,7.488623642
16.705,0,7.485912193
16.71,0,7.483201062
16.715,0,7.480490249
16.72,0,7.477779755
16.725,0,7.475069579
16.73,0,7.472359721
16.735,0,7.469650181
16.74,0,7.466940959
16.745,0,7.464232054
16.75,0,7.461523468
16.755,0,7.4588152
16.76,0,7.456107249
16.765,0,7.453399616
16.77,0,7.4506923
16.775,0,7.447985301
16.78,0,7.44527862
16.785,0,7.442572256
16.79,0,7.43986621
16.795,0,7.43716048
16.8,0,7.434455067
16.805,0,7.431749972
16.81,0,7.429045193
16.815,0,7.426340731
16.82,0,7.423636586
16.825,0,7.420932757
16.83,0,7.418229245
16.835,0,7.41552605
16.84,0,7.412823172
16.845,0,7.41012061
16.85,0,7.407418364
16.855,0,7.404716435
16.86,0,7.402014823
16.865,0,7.399313527
16.87,0,7.396612547
16.875,0,7.393911884
16.88,0,7.391211537
16.885,0,7.388511506
16.89,0,7.385811792
16.895,0,7.383112393
16.9,0,7.380413311
16.905,0,7.377714544
16.91,0,7.375016094
16.915,0,7.372317959
16.92,0,7.36962014
16.925,0,7.366922637
16.93,0,7.36422545
16.935,0,7.361528578
16.94,0,7.358832022
16.945,0,7.356135781
16.95,0,7.353439856
16.955,0,7.350744246
16.96,0,7.348048952
16.965,0,7.345353973
16.97,0,7.342659309
16.975,0,7.33996496
16.98,0,7.337270927
16.985,0,7.334577208
16.99,0,7.331883804
16.995,0,7.329190716
17,0,7.326497942
17.005,0,7.323805483
17.01,0,7.321113339
17.015,0,7.31842151
17.02,0,7.315729995
17.025,0,7.313038795
17.03,0,7.31034791
17.035,0,7.307657339
17.04,0,7.304967082
17.045,0,7.30227714
17.05,0,7.299587513
17.055,0,7.296898199
17.06,0,7.2942092
17.065,0,7.291520515
17.07,0,7.288832144
17.075,0,7.286144087
17.08,0,7.283456345
17.085,0,7.280768916
17.09,0,7.278081801
17.095,0,7.275395
17.1,0,7.272708512
17.105,0,7.270022339
17.11,0,7.267336479
17.115,0,7.264650932
17.12,0,7.2619657
17.125,0,7.25928078
17.13,0,7.256596174
17.135,0,7.253911882
17.14,0,7.251227903
17.145,0,7.248544237
17.15,0,7.245860884
17.155,0,7.243177845
17.16,0,7.240495118
17.165,0,7.237812705
17.17,0,7.235130604
17.175,0,7.232448817
17.18,0,7.229767342
17.185,0,7.22708618
17.19,0,7.224405331
17.195,0,7.221724795
17.2,0,7.219044571
17.205,0,7.21636466
17.21,0,7.213685061
17.215,0,7.211005775
17.22,0,7.208326801
17.225,0,7.205648139
17.23,0,7.20296979
17.235,0,7.200291753
17.24,0,7.197614029
17.245,0,7.194936616
17.25,0,7.192259516
17.255,0,7.189582727
17.26,0,7.186906251
17.265,0,7.184230086
17.27,0,7.181554233
17.275,0,7.178878692
17.28,0,7.176203463
17.285,0,7.173528546
17.29,0,7.17085394
17.295,0,7.168179645
17.3,0,7.165505662
17.305,0,7.162831991
17.31,0,7.160158631
17.315,0,7.157485582
17.32,0,7.154812845
17.325,0,7.152140419
17.33,0,7.149468304
17.335,0,7.1467965
17.34,0,7.144125007
17.345,0,7.141453826
17.35,0,7.138782955
17.355,0,7.136112395
17.36,0,7.133442146
17.365,0,7.130772208
17.37,0,7.12810258
17.375,0,7.125433263
17.38,0,7.122764257
17.385,0,7.120095561
17.39,0,7.117427176
17.395,0,7.114759101
17.4,0,7.112091337
17.405,0,7.109423883
17.41,0,7.10675674
17.415,0,7.104089906
17.42,0,7.101423383
17.425,0,7.09875717
17.43,0,7.096091267
17.435,0,7.093425674
17.44,0,7.09076039
17.445,0,7.088095417
17.45,0,7.085430754
17.455,0,7.0827664
17.46,0,7.080102356
17.465,0,7.077438622
17.47,0,7.074775198
17.475,0,7.072112083
17.48,0,7.069449277
17.485,0,7.066786781
17.49,0,7.064124595
17.495,0,7.061462717
17.5,0,7.05880115
17.505,0,7.056139891
17.51,0,7.053478941
17.515,0,7.050818301
17.52,0,7.04815797
17.525,0,7.045497947
17.53,0,7.042838234
17.535,0,7.04017883
17.54,0,7.037519734
17.545,0,7.034860947
17.55,0,7.032202469
17.555,0,7.0295443
17.56,0,7.026886439
17.565,0,7.024228887
17.57,0,7.021571644
17.575,0,7.018914709
17.58,0,7.016258082
17.585,0,7.013601764
17.59,0,7.010945753
17.595,0,7.008290052
17.6,0,7.005634658
17.605,0,7.002979573
17.61,0,7.000324795
17.615,0,6.997670326
17.62,0,6.995016165
17.625,0,6.992362311
17.63,0,6.989708766
17.635,0,6.987055528
17.64,0,6.984402598
17.645,0,6.981749976
17.65,0,6.979097661
17.655,0,6.976445654
17.66,0,6.973793955
17.665,0,6.971142563
17.67,0,6.968491478
17.675,0,6.965840701
17.68,0,6.963190231
17.685,0,6.960540068
17.69,0,6.957890213
17.695,0,6.955240665
17.7,0,6.952591424
17.705,0,6.949942489
17.71,0,6.947293862
17.715,0,6.944645542
17.72,0,6.941997529
17.725,0,6.939349822
17.73,0,6.936702423
17.735,0,6.93405533
17.74,0,6.931408543
17.745,0,6.928762064
17.75,0,6.926115891
17.755,0,6.923470024
17.76,0,6.920824464
17.765,0,6.91817921
17.77,0,6.915534262
17.775,0,6.912889621
17.78,0,6.910245286
17.785,0,6.907601258
17.79,0,6.904957535
17.795,0,6.902314118
17.8,0,6.899671008
17.805,0,6.897028203
17.81,0,6.894385704
17.815,0,6.891743511
17.82,0,6.889101624
17.825,0,6.886460043
17.83,0,6.883818767
17.835,0,6.881177797
17.84,0,6.878537133
17.845,0,6.875896774
17.85,0,6.87325672
17.855,0,6.870616972
17.86,0,6.867977529
17.865,0,6.865338392
17.87,0,6.86269956
17.875,0,6.860061033
17.88,0,6.857422811
17.885,0,6.854784894
17.89,0,6.852147282
17.895,0,6.849509976
17.9,0,6.846872974
17.905,0,6.844236277
17.91,0,6.841599885
17.915,0,6.838963797
17.92,0,6.836328015
17.925,0,6.833692537
17.93,0,6.831057363
17.935,0,6.828422494
17.94,0,6.82578793
17.945,0,6.82315367
17.95,0,6.820519714
17.955,0,6.817886063
17.96,0,6.815252716
17.965,0,6.812619673
17.97,0,6.809986935
17.975,0,6.8073545
17.98,0,6.80472237
17.985,0,6.802090543
17.99,0,6.799459021
17.995,0,6.796827802
18,0,6.794196887
18.005,0,6.791566276
18.01,0,6.788935969
18.015,0,6.786305965
18.02,0,6.783676266
18.025,0,6.781046869
18.03,0,6.778417776
18.035,0,6.775788987
18.04,0,6.773160501
18.045,0,6.770532318
18.05,0,6.767904439
18.055,0,6.765276863
18.06,0,6.76264959
18.065,0,6.76002262
18.07,0,6.757395954
18.075,0,6.75476959
18.08,0,6.752143529
18.085,0,6.749517772
18.09,0,6.746892317
18.095,0,6.744267165
18.1,0,6.741642315
18.105,0,6.739017769
18.11,0,6.736393525
18.115,0,6.733769583
18.12,0,6.731145945
18.125,0,6.728522608
18.13,0,6.725899575
18.135,0,6.723276843
18.14,0,6.720654414
18.145,0,6.718032287
18.15,0,6.715410463
18.155,0,6.71278894
18.16,0,6.71016772
18.165,0,6.707546802
18.17,0,6.704926185
18.175,0,6.702305871
18.18,0,6.699685859
18.185,0,6.697066148
18.19,0,6.694446739
18.195,0,6.691827632
18.2,0,6.689208827
18.205,0,6.686590323
18.21,0,6.683972121
18.215,0,6.681354221
18.22,0,6.678736622
18.225,0,6.676119324
18.23,0,6.673502328
18.235,0,6.670885633
18.24,0,6.668269239
18.245,0,6.665653147
18.25,0,6.663037355
18.255,0,6.660421865
18.26,0,6.657806676
18.265,0,6.655191788
18.27,0,6.652577201
18.275,0,6.649962914
18.28,0,6.647348929
18.285,0,6.644735244
18.29,0,6.64212186
18.295,0,6.639508777
18.3,0,6.636895994
18.305,0,6.634283512
18.31,0,6.63167133
18.315,0,6.629059449
18.32,0,6.626447868
18.325,0,6.623836588
18.33,0,6.621225608
18.335,0,6.618614928
18.34,0,6.616004548
18.345,0,6.613394469
18.35,0,6.61078469
18.355,0,6.60817521
18.36,0,6.605566031
18.365,0,6.602957151
18.37,0,6.600348572
18.375,0,6.597740292
18.38,0,6.595132312
18.385,0,6.592524632
18.39,0,6.589917251
18.395,0,6.58731017
18.4,0,6.584703389
18.405,0,6.582096907
18.41,0,6.579490724
18.415,0,6.576884841
18.42,0,6.574279258
18.425,0,6.571673973
18.43,0,6.569068988
18.435,0,6.566464302
18.44,0,6.563859915
18.445,0,6.561255828
18.45,0,6.558652039
18.455,0,6.556048549
18.46,0,6.553445358
18.465,0,6.550842466
18.47,0,6.548239873
18.475,0,6.545637579
18.48,0,6.543035583
18.485,0,6.540433886
18.49,0,6.537832488
18.495,0,6.535231388
18.5,0,6.532630587
18.505,0,6.530030084
18.51,0,6.52742988
18.515,0,6.524829973
18.52,0,6.522230366
18.525,0,6.519631056
18.53,0,6.517032045
18.535,0,6.514433331
18.54,0,6.511834916
18.545,0,6.509236799
18.55,0,6.50663898
18.555,0,6.504041458
18.56,0,6.501444235
18.565,0,6.49884731
18.57,0,6.496250682
18.575,0,6.493654352
18.58,0,6.491058319
18.585,0,6.488462584
18.59,0,6.485867147
18.595,0,6.483272007
18.6,0,6.480677165
18.605,0,6.47808262
18.61,0,6.475488372
18.615,0,6.472894422
18.62,0,6.470300769
18.625,0,6.467707413
18.63,0,6.465114355
18.635,0,6.462521593
18.64,0,6.459929128
18.645,0,6.457336961
18.65,0,6.45474509
18.655,0,6.452153516
18.66,0,6.449562239
18.665,0,6.446971259
18.67,0,6.444380575
18.675,0,6.441790189
18.68,0,6.439200098
18.685,0,6.436610305
18.69,0,6.434020807
18.695,0,6.431431607
18.7,0,6.428842702
18.705,0,6.426254094
18.71,0,6.423665783
18.715,0,6.421077767
18.72,0,6.418490048
18.725,0,6.415902625
18.73,0,6.413315498
18.735,0,6.410728667
18.74,0,6.408142132
18.745,0,6.405555893
18.75,0,6.40296995
18.755,0,6.400384302
18.76,0,6.397798951
18.765,0,6.395213895
18.77,0,6.392629135
18.775,0,6.39004467
18.78,0,6.387460501
18.785,0,6.384876628
18.79,0,6.382293049
18.795,0,6.379709767
18.8,0,6.37712678
18.805,0,6.374544088
18.81,0,6.371961691
18.815,0,6.369379589
18.82,0,6.366797783
18.825,0,6.364216272
18.83,0,6.361635056
18.835,0,6.359054134
18.84,0,6.356473508
18.845,0,6.353893177
18.85,0,6.35131314
18.855,0,6.348733398
18.86,0,6.346153951
18.865,0,6.343574799
18.87,0,6.340995941
18.875,0,6.338417378
18.88,0,6.33583911
18.885,0,6.333261136
18.89,0,6.330683456
18.895,0,6.328106071
18.9,0,6.32552898
18.905,0,6.322952183
18.91,0,6.32037568
18.915,0,6.317799472
18.92,0,6.315223558
18.925,0,6.312647937
18.93,0,6.310072611
18.935,0,6.307497579
18.94,0,6.304922841
18.945,0,6.302348396
18.95,0,6.299774245
18.955,0,6.297200389
18.96,0,6.294626825
18.965,0,6.292053556
18.97,0,6.28948058
18.975,0,6.286907897
18.98,0,6.284335508
18.985,0,6.281763413
18.99,0,6.279191611
18.995,0,6.276620102
19,0,6.274048886
19.005,0,6.271477964
19.01,0,6.268907335
19.015,0,6.266336999
19.02,0,6.263766956
19.025,0,6.261197206
19.03,0,6.258627749
19.035,0,6.256058585
19.04,0,6.253489714
19.045,0,6.250921136
19.05,0,6.248352851
19.055,0,6.245784858
19.06,0,6.243217158
19.065,0,6.24064975
19.07,0,6.238082635
19.075,0,6.235515813
19.08,0,6.232949283
19.085,0,6.230383045
19.09,0,6.2278171
19.095,0,6.225251447
19.1,0,6.222686086
19.105,0,6.220121018
19.11,0,6.217556242
19.115,0,6.214991758
19.12,0,6.212427565
19.125,0,6.209863665
19.13,0,6.207300057
19.135,0,6.204736741
19.14,0,6.202173716
19.145,0,6.199610984
19.15,0,6.197048543
19.155,0,6.194486393
19.16,0,6.191924536
19.165,0,6.18936297
19.17,0,6.186801695
19.175,0,6.184240712
19.18,0,6.181680021
19.185,0,6.179119621
19.19,0,6.176559512
19.195,0,6.173999694
19.2,0,6.171440168
19.205,0,6.168880933
19.21,0,6.166321989
19.215,0,6.163763336
19.22,0,6.161204974
19.225,0,6.158646903
19.23,0,6.156089123
19.235,0,6.153531634
19.24,0,6.150974435
19.245,0,6.148417528
19.25,0,6.145860911
19.255,0,6.143304585
19.26,0,6.140748549
19.265,0,6.138192804
19.27,0,6.13563735
19.275,0,6.133082186
19.28,0,6.130527312
19.285,0,6.127972729
19.29,0,6.125418436
19.295,0,6.122864433
19.3,0,6.120310721
19.305,0,6.117757298
19.31,0,6.115204166
19.315,0,6.112651324
19.32,0,6.110098772
19.325,0,6.10754651
19.33,0,6.104994537
19.335,0,6.102442855
19.34,0,6.099891462
19.345,0,6.097340359
19.35,0,6.094789546
19.355,0,6.092239022
19.36,0,6.089688789
19.365,0,6.087138844
19.37,0,6.084589189
19.375,0,6.082039824
19.38,0,6.079490748
19.385,0,6.076941961
19.39,0,6.074393464
19.395,0,6.071845255
19.4,0,6.069297336
19.405,0,6.066749707
19.41,0,6.064202366
19.415,0,6.061655314
19.42,0,6.059108551
19.425,0,6.056562077
19.43,0,6.054015893
19.435,0,6.051469996
19.44,0,6.048924389
19.445,0,6.046379071
19.45,0,6.043834041
19.455,0,6.0412893
19.46,0,6.038744847
19.465,0,6.036200683
19.47,0,6.033656807
19.475,0,6.03111322
19.48,0,6.028569921
19.485,0,6.026026911
19.49,0,6.023484188
19.495,0,6.020941754
19.5,0,6.018399609
19.505,0,6.015857751
19.51,0,6.013316181
19.515,0,6.0107749
19.52,0,6.008233906
19.525,0,6.005693201
19.53,0,6.003152783
19.535,0,6.000612653
19.54,0,5.998072811
19.545,0,5.995533256
19.55,0,5.99299399
19.555,0,5.99045501
19.56,0,5.987916319
19.565,0,5.985377915
19.57,0,5.982839798
19.575,0,5.980301969
19.58,0,5.977764427
19.585,0,5.975227173
19.59,0,5.972690206
19.595,0,5.970153526
19.6,0,5.967617133
19.605,0,5.965081027
19.61,0,5.962545209
19.615,0,5.960009677
19.62,0,5.957474432
19.625,0,5.954939475
19.63,0,5.952404804
19.635,0,5.94987042
19.64,0,5.947336323
19.645,0,5.944802512
19.65,0,5.942268988
19.655,0,5.939735751
19.66,0,5.937202801
19.665,0,5.934670136
19.67,0,5.932137759
19.675,0,5.929605668
19.68,0,5.927073863
19.685,0,5.924542344
19.69,0,5.922011112
19.695,0,5.919480166
19.7,0,5.916949506
19.705,0,5.914419132
19.71,0,5.911889044
19.715,0,5.909359243
19.72,0,5.906829727
19.725,0,5.904300497
19.73,0,5.901771553
19.735,0,5.899242895
19.74,0,5.896714523
19.745,0,5.894186436
19.75,0,5.891658635
19.755,0,5.88913112
19.76,0,5.88660389
19.765,0,5.884076946
19.77,0,5.881550287
19.775,0,5.879023914
19.78,0,5.876497826
19.785,0,5.873972023
19.79,0,5.871446506
19.795,0,5.868921274
19.8,0,5.866396327
19.805,0,5.863871665
19.81,0,5.861347288
19.815,0,5.858823196
19.82,0,5.856299389
19.825,0,5.853775867
19.83,0,5.85125263
19.835,0,5.848729678
19.84,0,5.846207011
19.845,0,5.843684628
19.85,0,5.84116253
19.855,0,5.838640717
19.86,0,5.836119188
19.865,0,5.833597943
19.87,0,5.831076983
19.875,0,5.828556308
19.88,0,5.826035917
19.885,0,5.82351581
19.89,0,5.820995988
19.895,0,5.81847645
19.9,0,5.815957195
19.905,0,5.813438226
19.91,0,5.81091954
19.915,0,5.808401138
19.92,0,5.80588302
19.925,0,5.803365186
19.93,0,5.800847636
19.935,0,5.79833037
19.94,0,5.795813387
19.945,0,5.793296689
19.95,0,5.790780274
19.955,0,5.788264142
19.96,0,5.785748294
19.965,0,5.78323273
19.97,0,5.780717449
19.975,0,5.778202452
19.98,0,5.775687738
19.985,0,5.773173307
19.99,0,5.77065916
19.995,0,5.768145296
20,0,5.765631715
20.005,0,5.763118417
20.01,0,5.760605402
20.015,0,5.75809267
20.02,0,5.755580222
20.025,0,5.753068056
20.03,0,5.750556173
20.035,0,5.748044573
20.04,0,5.745533256
20.045,0,5.743022221
20.05,0,5.740511469
20.055,0,5.738001
20.06,0,5.735490813
20.065,0,5.732980909
20.07,0,5.730471288
20.075,0,5.727961949
20.08,0,5.725452892
20.085,0,5.722944118
20.09,0,5.720435626
20.095,0,5.717927416
20.1,0,5.715419488
20.105,0,5.712911843
20.11,0,5.710404479
20.115,0,5.707897398
20.12,0,5.705390599
20.125,0,5.702884081
20.13,0,5.700377846
20.135,0,5.697871892
20.14,0,5.69536622
20.145,0,5.69286083
20.15,0,5.690355722
20.155,0,5.687850895
20.16,0,5.68534635
20.165,0,5.682842087
20.17,0,5.680338105
20.175,0,5.677834404
20.18,0,5.675330985
20.185,0,5.672827847
20.19,0,5.670324991
20.195,0,5.667822415
20.2,0,5.665320121
20.205,0,5.662818109
20.21,0,5.660316377
20.215,0,5.657814926
20.22,0,5.655313757
20.225,0,5.652812868
20.23,0,5.65031226
20.235,0,5.647811933
20.24,0,5.645311887
20.245,0,5.642812122
20.25,0,5.640312638
20.255,0,5.637813434
20.26,0,5.635314511
20.265,0,5.632815868
20.27,0,5.630317506
20.275,0,5.627819424
20.28,0,5.625321623
20.285,0,5.622824102
20.29,0,5.620326862
20.295,0,5.617829902
20.3,0,5.615333222
20.305,0,5.612836822
20.31,0,5.610340703
20.315,0,5.607844863
20.32,0,5.605349304
20.325,0,5.602854024
20.33,0,5.600359025
20.335,0,5.597864305
20.34,0,5.595369865
20.345,0,5.592875705
20.35,0,5.590381825
20.355,0,5.587888225
20.36,0,5.585394904
20.365,0,5.582901862
20.37,0,5.580409101
20.375,0,5.577916619
20.38,0,5.575424416
20.385,0,5.572932493
20.39,0,5.570440849
20.395,0,5.567949484
20.4,0,5.565458399
20.405,0,5.562967592
20.41,0,5.560477065
20.415,0,5.557986818
20.42,0,5.555496849
20.425,0,5.553007159
20.43,0,5.550517748
20.435,0,5.548028616
20.44,0,5.545539763
20.445,0,5.543051189
20.45,0,5.540562894
20.455,0,5.538074877
20.46,0,5.535587139
20.465,0,5.53309968
20.47,0,5.530612499
20.475,0,5.528125597
20.48,0,5.525638973
20.485,0,5.523152628
20.49,0,5.520666561
20.495,0,5.518180772
20.5,0,5.515695262
20.505,0,5.51321003
20.51,0,5.510725076
20.515,0,5.5082404
20.52,0,5.505756003
20.525,0,5.503271883
20.53,0,5.500788042
20.535,0,5.498304478
20.54,0,5.495821193
20.545,0,5.493338185
20.55,0,5.490855455
20.555,0,5.488373003
20.56,0,5.485890828
20.565,0,5.483408931
20.57,0,5.480927312
20.575,0,5.47844597
20.58,0,5.475964906
20.585,0,5.47348412
20.59,0,5.47100361
20.595,0,5.468523379
20.6,0,5.466043424
20.605,0,5.463563747
20.61,0,5.461084347
20.615,0,5.458605224
20.62,0,5.456126378
20.625,0,5.45364781
20.63,0,5.451169518
20.635,0,5.448691504
20.64,0,5.446213766
20.645,0,5.443736306
20.65,0,5.441259122
20.655,0,5.438782215
20.66,0,5.436305584
20.665,0,5.433829231
20.67,0,5.431353154
20.675,0,5.428877353
20.68,0,5.42640183
20.685,0,5.423926582
20.69,0,5.421451612
20.695,0,5.418976917
20.7,0,5.416502499
20.705,0,5.414028358
20.71,0,5.411554492
20.715,0,5.409080903
20.72,0,5.40660759
20.725,0,5.404134553
20.73,0,5.401661792
20.735,0,5.399189307
20.74,0,5.396717099
20.745,0,5.394245166
20.75,0,5.391773509
20.755,0,5.389302128
20.76,0,5.386831022
20.765,0,5.384360193
20.77,0,5.381889639
20.775,0,5.379419361
20.78,0,5.376949358
20.785,0,5.374479631
20.79,0,5.372010179
20.795,0,5.369541003
20.8,0,5.367072102
20.805,0,5.364603477
20.81,0,5.362135127
20.815,0,5.359667052
20.82,0,5.357199253
20.825,0,5.354731728
20.83,0,5.352264479
20.835,0,5.349797505
20.84,0,5.347330806
20.845,0,5.344864382
20.85,0,5.342398232
20.855,0,5.339932358
20.86,0,5.337466759
20.865,0,5.335001434
20.87,0,5.332536384
20.875,0,5.330071609
20.88,0,5.327607108
20.885,0,5.325142882
20.89,0,5.322678931
20.895,0,5.320215254
20.9,0,5.317751851
20.905,0,5.315288723
20.91,0,5.312825869
20.915,0,5.31036329
20.92,0,5.307900985
20.925,0,5.305438954
20.93,0,5.302977197
20.935,0,5.300515714
20.94,0,5.298054506
20.945,0,5.295593571
20.95,0,5.293132911
20.955,0,5.290672524
20.96,0,5.288212411
20.965,0,5.285752572
20.97,0,5.283293007
20.975,0,5.280833716
20.98,0,5.278374698
20.985,0,5.275915954
20.99,0,5.273457484
20.995,0,5.270999287
21,0,5.268541363
21.005,0,5.266083714
21.01,0,5.263626337
21.015,0,5.261169234
21.02,0,5.258712404
21.025,0,5.256255848
21.03,0,5.253799564
21.035,0,5.251343554
21.04,0,5.248887817
21.045,0,5.246432353
21.05,0,5.243977162
21.055,0,5.241522245
21.06,0,5.2390676
21.065,0,5.236613227
21.07,0,5.234159128
21.075,0,5.231705302
21.08,0,5.229251748
21.085,0,5.226798467
21.09,0,5.224345459
21.095,0,5.221892723
21.1,0,5.21944026
21.105,0,5.216988069
21.11,0,5.214536151
21.115,0,5.212084505
21.12,0,5.209633132
21.125,0,5.207182031
21.13,0,5.204731202
21.135,0,5.202280646
21.14,0,5.199830361
21.145,0,5.197380349
21.15,0,5.194930609
21.155,0,5.192481141
21.16,0,5.190031945
21.165,0,5.187583021
21.17,0,5.185134368
21.175,0,5.182685988
21.18,0,5.18023788
21.185,0,5.177790043
21.19,0,5.175342478
21.195,0,5.172895184
21.2,0,5.170448162
21.205,0,5.168001412
21.21,0,5.165554933
21.215,0,5.163108726
21.22,0,5.16066279
21.225,0,5.158217126
21.23,0,5.155771733
21.235,0,5.153326611
21.24,0,5.15088176
21.245,0,5.148437181
21.25,0,5.145992873
21.255,0,5.143548836
21.26,0,5.14110507
21.265,0,5.138661575
21.27,0,5.136218351
21.275,0,5.133775398
21.28,0,5.131332715
21.285,0,5.128890304
21.29,0,5.126448163
21.295,0,5.124006293
21.3,0,5.121564694
21.305,0,5.119123365
21.31,0,5.116682307
21.315,0,5.11424152
21.32,0,5.111801003
21.325,0,5.109360756
21.33,0,5.10692078
21.335,0,5.104481074
21.34,0,5.102041638
21.345,0,5.099602473
21.35,0,5.097163578
21.355,0,5.094724953
21.36,0,5.092286598
21.365,0,5.089848514
21.37,0,5.087410699
21.375,0,5.084973154
21.38,0,5.08253588
21.385,0,5.080098875
21.39,0,5.07766214
21.395,0,5.075225675
21.4,0,5.072789479
21.405,0,5.070353553
21.41,0,5.067917897
21.415,0,5.065482511
21.42,0,5.063047394
21.425,0,5.060612546
21.43,0,5.058177968
21.435,0,5.05574366
21.44,0,5.053309621
21.445,0,5.050875851
21.45,0,5.04844235
21.455,0,5.046009119
21.46,0,5.043576157
21.465,0,5.041143464
21.47,0,5.03871104
21.475,0,5.036278885
21.48,0,5.033846999
21.485,0,5.031415382
21.49,0,5.028984034
21.495,0,5.026552955
21.5,0,5.024122145
21.505,0,5.021691603
21.51,0,5.01926133
21.515,0,5.016831326
21.52,0,5.01440159
21.525,0,5.011972124
21.53,0,5.009542925
21.535,0,5.007113995
21.54,0,5.004685334
21.545,0,5.002256941
21.55,0,4.999828816
21.555,0,4.99740096
21.56,0,4.994973371
21.565,0,4.992546051
21.57,0,4.990119
21.575,0,4.987692216
21.58,0,4.9852657
21.585,0,4.982840238
21.59,0,4.980428372
21.595,0,4.978071431
21.6,0,4.975836607
21.605,0,4.973798272
21.61,0,4.972011215
21.615,0,4.97048685
21.62,0,4.969191001
21.625,0,4.968058494
21.63,0,4.967013009
21.635,0,4.965984005
21.64,0,4.964917023
21.645,0,4.96377725
21.65,0,4.96254814
21.655,0,4.961227368
21.66,0,4.959822053
21.665,0,4.958344456
21.67,0,4.956808718
21.675,0,4.955228625
21.68,0,4.953616297
21.685,0,4.951981585
21.69,0,4.950331931
21.695,0,4.948672499
21.7,0,4.947006471
21.705,0,4.945335419
21.71,0,4.943659709
21.715,0,4.941978895
21.72,0,4.940292077
21.725,0,4.938598191
21.73,0,4.936896236
21.735,0,4.935185417
21.74,0,4.933465225
21.745,0,4.93173545
21.75,0,4.92999616
21.755,0,4.928247646
21.76,0,4.926490362
21.765,0,4.924724851
21.77,0,4.922951696
21.775,0,4.921171468
21.78,0,4.919384695
21.785,0,4.917591844
21.79,0,4.915793313
21.795,0,4.913989432
21.8,0,4.912180469
21.805,0,4.910366647
21.81,0,4.908548149
21.815,0,4.906725134
21.82,0,4.904897745
21.825,0,4.903066119
21.83,0,4.90123039
21.835,0,4.899390693
21.84,0,4.897547166
21.845,0,4.895699938
21.85,0,4.893849095
21.855,0,4.891994713
21.86,0,4.890136895
21.865,0,4.888275772
21.87,0,4.886411492
21.875,0,4.884544212
21.88,0,4.882674091
21.885,0,4.880801293
21.89,0,4.878925978
21.895,0,4.877048292
21.9,0,4.875168357
21.905,0,4.873286283
21.91,0,4.871402166
21.915,0,4.869516091
21.92,0,4.867628142
21.925,0,4.865738397
21.93,0,4.863846932
21.935,0,4.861953821
21.94,0,4.860059137
21.945,0,4.858162955
21.95,0,4.856265345
21.955,0,4.85436638
21.96,0,4.852466129
21.965,0,4.850564662
21.97,0,4.848662048
21.975,0,4.846758352
21.98,0,4.84485364
21.985,0,4.842947975
21.99,0,4.841041418
21.995,0,4.83913403
22,0,4.837225868
22.005,0,4.83531699
22.01,0,4.833407451
22.015,0,4.831497305
22.02,0,4.829586605
22.025,0,4.827675402
22.03,0,4.825763746
22.035,0,4.823851687
22.04,0,4.821939273
22.045,0,4.820026551
22.05,0,4.818113571
22.055,0,4.816200411
22.06,0,4.814287249
22.065,0,4.812374376
22.07,0,4.810462151
22.075,0,4.80855093
22.08,0,4.806641011
22.085,0,4.804732594
22.09,0,4.802825781
22.095,0,4.800920582
22.1,0,4.799016948
22.105,0,4.797114792
22.11,0,4.795214017
22.115,0,4.793314536
22.12,0,4.791416276
22.125,0,4.789519186
22.13,0,4.787623237
22.135,0,4.785728413
22.14,0,4.783834715
22.145,0,4.78194215
22.15,0,4.780050731
22.155,0,4.778160473
22.16,0,4.776271391
22.165,0,4.774383499
22.17,0,4.772496811
22.175,0,4.770611336
22.18,0,4.768727081
22.185,0,4.766844049
22.19,0,4.764962241
22.195,0,4.763081655
22.2,0,4.761202287
22.205,0,4.759324141
22.21,0,4.757447218
22.215,0,4.755571519
22.22,0,4.753697044
22.225,0,4.751823794
22.23,0,4.749951763
22.235,0,4.748080936
22.24,0,4.7462113
22.245,0,4.744342847
22.25,0,4.742475577
22.255,0,4.740609493
22.26,0,4.738744603
22.265,0,4.736880913
22.27,0,4.73501843
22.275,0,4.73315716
22.28,0,4.731297109
22.285,0,4.72943828
22.29,0,4.72758068
22.295,0,4.725724309
22.3,0,4.72386917
22.305,0,4.722015264
22.31,0,4.720162593
22.315,0,4.718311155
22.32,0,4.716460952
22.325,0,4.714611984
22.33,0,4.712764253
22.335,0,4.710917757
22.34,0,4.709072496
22.345,0,4.707228471
22.35,0,4.705385687
22.355,0,4.703544145
22.36,0,4.701703847
22.365,0,4.699864793
22.37,0,4.698026981
22.375,0,4.696190407
22.38,0,4.694355069
22.385,0,4.692520963
22.39,0,4.690688086
22.395,0,4.688856437
22.4,0,4.687026016
22.405,0,4.685196822
22.41,0,4.683368861
22.415,0,4.681542139
22.42,0,4.679716661
22.425,0,4.67789243
22.43,0,4.676069447
22.435,0,4.674247712
22.44,0,4.672427226
22.445,0,4.670607985
22.45,0,4.66878999
22.455,0,4.666973238
22.46,0,4.665157728
22.465,0,4.66334346
22.47,0,4.661530432
22.475,0,4.659718646
22.48,0,4.6579081
22.485,0,4.656098794
22.49,0,4.654290728
22.495,0,4.652483901
22.5,0,4.650678317
22.505,0,4.648873975
22.51,0,4.647070878
22.515,0,4.645269023
22.52,0,4.64346841
22.525,0,4.641669039
22.53,0,4.63987091
22.535,0,4.638074025
22.54,0,4.636278387
22.545,0,4.634483996
22.55,0,4.632690852
22.555,0,4.630898955
22.56,0,4.629108305
22.565,0,4.627318902
22.57,0,4.625530744
22.575,0,4.62374383
22.58,0,4.621958159
22.585,0,4.620173733
22.59,0,4.618390549
22.595,0,4.616608609
22.6,0,4.614827912
22.605,0,4.613048458
22.61,0,4.611270246
22.615,0,4.609493275
22.62,0,4.607717543
22.625,0,4.605943053
22.63,0,4.604169804
22.635,0,4.6023978
22.64,0,4.60062704
22.645,0,4.598857524
22.65,0,4.597089253
22.655,0,4.595322227
22.66,0,4.593556445
22.665,0,4.591791911
22.67,0,4.590028623
22.675,0,4.588266579
22.68,0,4.586505778
22.685,0,4.584746219
22.69,0,4.582987903
22.695,0,4.581230832
22.7,0,4.579475006
22.705,0,4.577720425
22.71,0,4.575967087
22.715,0,4.574214991
22.72,0,4.572464135
22.725,0,4.57071452
22.73,0,4.568966152
22.735,0,4.567219037
22.74,0,4.565473177
22.745,0,4.563728577
22.75,0,4.561985235
22.755,0,4.560243152
22.76,0,4.558502326
22.765,0,4.556762755
22.77,0,4.55502444
22.775,0,4.553287379
22.78,0,4.551551574
22.785,0,4.549817023
22.79,0,4.548083726
22.795,0,4.546351685
22.8,0,4.544620901
22.805,0,4.542891374
22.81,0,4.541163105
22.815,0,4.539436096
22.82,0,4.537710348
22.825,0,4.535985865
22.83,0,4.534262648
22.835,0,4.532540697
22.84,0,4.530820015
22.845,0,4.5291006
22.85,0,4.527382454
22.855,0,4.525665574
22.86,0,4.523949961
22.865,0,4.522235615
22.87,0,4.520522538
22.875,0,4.518810734
22.88,0,4.517100204
22.885,0,4.51539095
22.89,0,4.51368297
22.895,0,4.511976261
22.9,0,4.510270821
22.905,0,4.508566648
22.91,0,4.506863747
22.915,0,4.50516212
22.92,0,4.503461773
22.925,0,4.501762711
22.93,0,4.500064934
22.935,0,4.498368444
22.94,0,4.49667324
22.945,0,4.494979323
22.95,0,4.49328669
22.955,0,4.491595341
22.96,0,4.489905273
22.965,0,4.488216486
22.97,0,4.48652898
22.975,0,4.484842757
22.98,0,4.483157819
22.985,0,4.481474168
22.99,0,4.479791806
22.995,0,4.478110736
23,0,4.476430959
